{"stat.useItem.minecraft.bow":3,"stat.drop.minecraft.mutton":1,"stat.leaveGame":9,"stat.killEntity.Blaze":10,"stat.killEntity.PigZombie":20,"stat.useItem.minecraft.planks":25,"stat.drop.sexmod.galath_coin":3,"stat.mineBlock.minecraft.web":2,"stat.killEntity.ellie":1,"stat.drop.minecraft.feather":2,"stat.drop.minecraft.bowl":2,"stat.pickup.minecraft.porkchop":33,"stat.useItem.minecraft.water_bucket":5,"stat.drop.minecraft.iron_sword":2,"stat.pickup.minecraft.rotten_flesh":68,"stat.pickup.minecraft.brick_block":8,"stat.craftItem.minecraft.stone_axe":1,"stat.drop.minecraft.brick_block":1,"stat.killEntity.Enderman":1,"stat.craftItem.minecraft.stone_sword":1,"stat.useItem.minecraft.ender_pearl":1,"stat.pickup.minecraft.chainmail_chestplate":2,"stat.pickup.minecraft.brown_mushroom":1,"stat.pickup.aether_legacy.agility_cape":1,"stat.useItem.minecraft.iron_pickaxe":36,"stat.useItem.minecraft.spawn_egg":23,"stat.craftItem.minecraft.wooden_pickaxe":1,"stat.mineBlock.minecraft.brick_block":8,"stat.pickup.minecraft.double_plant":1,"stat.craftItem.minecraft.bed":1,"stat.pickup.sexmod.allies_lamp":1,"stat.furnaceInteraction":44,"stat.drop.minecraft.gravel":3,"stat.pickup.minecraft.beef":22,"stat.pickup.minecraft.furnace":3,"stat.pickup.minecraft.iron_chestplate":1,"stat.drop.aether_legacy.ice_pendant":1,"stat.useItem.minecraft.flint_and_steel":1,"stat.mineBlock.minecraft.brick_stairs":2,"stat.mineBlock.minecraft.soul_sand":10,"stat.pickup.minecraft.bowl":2,"stat.deaths":5,"stat.playOneMinute":370912,"stat.pickup.minecraft.blaze_rod":6,"stat.pickup.aether_legacy.valkyrie_gloves":1,"stat.mineBlock.minecraft.tallgrass":31,"stat.pickup.minecraft.netherrack":46,"stat.chestOpened":35,"stat.pickup.minecraft.pumpkin":5,"stat.pickup.minecraft.spruce_door":2,"stat.mineBlock.minecraft.netherrack":31,"stat.pickup.minecraft.iron_sword":9,"stat.pickup.minecraft.arrow":3,"stat.pickup.minecraft.gold_nugget":8,"stat.pickup.minecraft.brick_stairs":2,"stat.drop.minecraft.iron_pickaxe":1,"stat.useItem.minecraft.experience_bottle":497,"stat.fallOneCm":36536,"stat.drop.minecraft.stone":1,"stat.crouchOneCm":23715,"stat.craftItem.minecraft.iron_ingot":6,"stat.pickup.minecraft.red_mushroom":12,"stat.craftingTableInteraction":24,"stat.drop.minecraft.stained_glass_pane":1,"stat.pickup.minecraft.feather":25,"stat.drop.minecraft.iron_leggings":1,"stat.drop.minecraft.bone":2,"stat.pickup.minecraft.planks":4,"stat.pickup.minecraft.iron_leggings":3,"stat.pickup.minecraft.wheat_seeds":43,"stat.useItem.minecraft.stone_pickaxe":82,"stat.drop.minecraft.soul_sand":10,"stat.useItem.minecraft.stone_sword":91,"stat.mineBlock.minecraft.dirt":25,"stat.pickup.minecraft.chainmail_boots":1,"stat.pickup.minecraft.poisonous_potato":2,"stat.drop.minecraft.iron_axe":2,"stat.useItem.minecraft.torch":99,"stat.pickup.minecraft.golden_apple":1,"stat.killEntity.moa":2,"stat.drop.minecraft.rotten_flesh":4,"stat.pickup.minecraft.crafting_table":3,"stat.useItem.minecraft.log":1,"stat.useItem.minecraft.cobblestone":46,"stat.craftItem.minecraft.crafting_table":4,"stat.mineBlock.minecraft.double_plant":8,"stat.pickup.minecraft.iron_hoe":1,"stat.killEntity.LavaSlime":1,"stat.pickup.minecraft.log":35,"stat.craftItem.morearmor.scute_armorboots":2,"stat.pickup.minecraft.iron_pickaxe":2,"stat.pickup.minecraft.chicken":1,"stat.pickup.minecraft.sapling":14,"stat.pickup.minecraft.beetroot":4,"stat.drop.aether_legacy.ice_ring":1,"stat.craftItem.minecraft.planks":76,"stat.useItem.minecraft.iron_sword":356,"stat.killEntity.WitherSkeleton":7,"stat.pickup.minecraft.stone_sword":1,"stat.mineBlock.minecraft.log":36,"stat.pickup.minecraft.golden_sword":2,"stat.useItem.minecraft.spruce_door":1,"stat.pickup.minecraft.red_flower":4,"stat.sneakTime":12157,"stat.pickup.minecraft.wool":7,"stat.drop.minecraft.grass":1,"stat.craftItem.minecraft.spruce_door":3,"stat.cakeSlicesEaten":2,"stat.pickup.minecraft.bone":6,"stat.mineBlock.minecraft.pumpkin":4,"stat.mineBlock.minecraft.cobblestone":9,"stat.killEntity.bee":1,"stat.pickup.minecraft.stone_pickaxe":2,"stat.pickup.minecraft.flint":1,"stat.entityKilledBy.galath":3,"stat.craftItem.minecraft.wool":4,"stat.useItem.minecraft.diamond_sword":56,"stat.swimOneCm":21160,"stat.climbOneCm":6600,"stat.drop.minecraft.cobblestone":5,"stat.pickup.spartanshields.shield_basic_iron":2,"stat.pickup.minecraft.cooked_porkchop":37,"stat.drop.minecraft.brown_mushroom":1,"stat.useItem.minecraft.dirt":123,"stat.useItem.minecraft.stone_slab2":3118,"stat.pickup.minecraft.bow":2,"stat.pickup.minecraft.iron_boots":1,"stat.craftItem.minecraft.furnace":3,"stat.drop.minecraft.ender_pearl":1,"stat.craftItem.minecraft.stone_pickaxe":1,"stat.craftItem.minecraft.cooked_beef":19,"stat.pickup.minecraft.cobblestone":90,"stat.drop.sexmod.allies_lamp":3,"stat.useItem.minecraft.brick_block":4,"stat.flyOneCm":1879883,"stat.pickup.minecraft.soul_sand":12,"stat.useItem.minecraft.cooked_beef":8,"stat.mineBlock.minecraft.iron_ore":6,"stat.timeSinceDeath":19015,"stat.pickup.aether_legacy.ice_pendant":1,"stat.pickup.cloudboots.cloud_boots":1,"stat.useItem.minecraft.wooden_slab":1,"stat.pickup.minecraft.mutton":12,"stat.pickup.aether_legacy.ice_ring":1,"stat.pickup.minecraft.mossy_cobblestone":2,"stat.pickup.travelersbackpack.travelers_backpack":1,"stat.pickup.morearmor.scute_armorboots":2,"stat.drop.minecraft.dirt":2,"stat.useItem.minecraft.cooked_porkchop":23,"stat.mineBlock.minecraft.coal_ore":10,"stat.pickup.minecraft.string":17,"stat.craftItem.minecraft.stone_slab2":0,"stat.drop.aether_legacy.agility_cape":1,"stat.sprintOneCm":676739,"stat.craftItem.minecraft.stick":8,"stat.mineBlock.minecraft.crafting_table":2,"stat.drop.minecraft.lava_bucket":1,"stat.pickup.minecraft.leather_leggings":2,"stat.pickup.minecraft.spawn_egg":4,"stat.drop":70,"stat.pickup.minecraft.stone_button":3,"stat.killEntity.Sheep":6,"stat.killEntity.Zombie":30,"stat.craftItem.minecraft.dye":4,"stat.diveOneCm":9994,"stat.pickup.minecraft.wheat":2,"stat.mineBlock.minecraft.mossy_cobblestone":2,"stat.drop.minecraft.wooden_pickaxe":1,"stat.pickup.minecraft.gravel":3,"stat.drop.minecraft.cooked_beef":5,"stat.craftItem.minecraft.cooked_porkchop":37,"stat.drop.aether_legacy.valkyrie_gloves":1,"stat.drop.morearmor.scute_armorboots":1,"stat.useItem.minecraft.potion":8,"stat.useItem.minecraft.rotten_flesh":2,"stat.jump":2685,"stat.pickup.minecraft.coal":26,"stat.pickup.minecraft.iron_helmet":1,"stat.pickup.minecraft.iron_ingot":47,"stat.useItem.minecraft.stone_axe":87,"stat.pickup.minecraft.spider_eye":2,"stat.pickup.minecraft.dirt":77,"stat.pickup.minecraft.iron_ore":13,"stat.pickup.minecraft.stone_shovel":1,"stat.useItem.minecraft.sapling":2,"stat.pickup.minecraft.iron_axe":3,"stat.mineBlock.minecraft.stone_stairs":1,"stat.damageTaken":3701,"stat.pickup.minecraft.leather":8,"stat.mineBlock.minecraft.torch":1,"stat.mineBlock.minecraft.red_flower":4,"stat.mineBlock.minecraft.furnace":1,"stat.useItem.minecraft.wooden_pickaxe":5,"stat.pickup.minecraft.reeds":7,"stat.killEntity.CaveSpider":1,"stat.pickup.minecraft.potato":17,"stat.damageDealt":25283,"stat.sleepInBed":3,"stat.killEntity.Cow":8,"stat.killEntity.Pig":12,"stat.walkOneCm":939940,"stat.killEntity.bia":1,"stat.useItem.minecraft.chest":1,"stat.pickup.minecraft.stick":16,"stat.useItem.minecraft.lava_bucket":25,"stat.drop.minecraft.netherrack":9,"stat.pickup.minecraft.stone":1,"stat.pickup.minecraft.ender_pearl":3,"stat.pickup.minecraft.cooked_beef":22,"stat.pickup.minecraft.gold_ingot":2,"stat.useItem.minecraft.netherrack":14,"stat.killEntity.Skeleton":2,"stat.killEntity.Chicken":1,"stat.killEntity.Spider":3,"stat.mobKills":116,"stat.pickup.minecraft.quartz":6,"stat.useItem.minecraft.golden_apple":2,"stat.pickup.minecraft.water_bucket":2,"stat.pickup.minecraft.diamond":7,"stat.mineBlock.minecraft.leaves":8,"stat.pickup.minecraft.beetroot_seeds":9,"stat.pickup.minecraft.torch":8,"stat.mineBlock.minecraft.stone":27}