{"stat.cakeSlicesEaten":2,"stat.drop.minecraft.mutton":1,"stat.pickup.minecraft.bone":3,"stat.leaveGame":1,"stat.mineBlock.minecraft.pumpkin":4,"stat.mineBlock.minecraft.cobblestone":9,"stat.killEntity.bee":1,"stat.pickup.minecraft.stone_pickaxe":1,"stat.pickup.minecraft.flint":1,"stat.entityKilledBy.galath":2,"stat.craftItem.minecraft.wool":4,"stat.swimOneCm":14750,"stat.useItem.minecraft.planks":25,"stat.mineBlock.minecraft.web":1,"stat.drop.minecraft.cobblestone":2,"stat.pickup.minecraft.cooked_porkchop":13,"stat.pickup.minecraft.porkchop":33,"stat.drop.minecraft.brown_mushroom":1,"stat.useItem.minecraft.dirt":2,"stat.useItem.minecraft.stone_slab2":489,"stat.pickup.minecraft.bow":1,"stat.pickup.minecraft.rotten_flesh":59,"stat.craftItem.minecraft.furnace":2,"stat.pickup.minecraft.brick_block":8,"stat.craftItem.minecraft.stone_axe":1,"stat.drop.minecraft.brick_block":1,"stat.craftItem.minecraft.stone_pickaxe":1,"stat.craftItem.minecraft.cooked_beef":19,"stat.pickup.minecraft.cobblestone":69,"stat.drop.sexmod.allies_lamp":2,"stat.craftItem.minecraft.stone_sword":1,"stat.useItem.minecraft.brick_block":4,"stat.flyOneCm":389594,"stat.pickup.minecraft.brown_mushroom":1,"stat.useItem.minecraft.cooked_beef":8,"stat.timeSinceDeath":2387,"stat.useItem.minecraft.spawn_egg":3,"stat.craftItem.minecraft.wooden_pickaxe":1,"stat.pickup.minecraft.mutton":12,"stat.pickup.minecraft.mossy_cobblestone":2,"stat.mineBlock.minecraft.brick_block":8,"stat.pickup.minecraft.double_plant":1,"stat.craftItem.minecraft.bed":1,"stat.pickup.morearmor.scute_armorboots":2,"stat.furnaceInteraction":31,"stat.useItem.minecraft.cooked_porkchop":9,"stat.pickup.minecraft.string":17,"stat.pickup.minecraft.beef":18,"stat.pickup.minecraft.furnace":3,"stat.craftItem.minecraft.stone_slab2":0,"stat.sprintOneCm":310017,"stat.craftItem.minecraft.stick":8,"stat.mineBlock.minecraft.crafting_table":2,"stat.mineBlock.minecraft.brick_stairs":2,"stat.pickup.minecraft.leather_leggings":1,"stat.pickup.minecraft.spawn_egg":4,"stat.pickup.minecraft.bowl":2,"stat.deaths":2,"stat.drop":15,"stat.playOneMinute":94311,"stat.killEntity.Sheep":6,"stat.killEntity.Zombie":30,"stat.craftItem.minecraft.dye":4,"stat.mineBlock.minecraft.tallgrass":31,"stat.diveOneCm":4757,"stat.pickup.minecraft.wheat":2,"stat.chestOpened":19,"stat.mineBlock.minecraft.mossy_cobblestone":2,"stat.pickup.minecraft.pumpkin":5,"stat.drop.minecraft.wooden_pickaxe":1,"stat.pickup.minecraft.iron_sword":3,"stat.pickup.minecraft.arrow":1,"stat.drop.minecraft.cooked_beef":5,"stat.craftItem.minecraft.cooked_porkchop":37,"stat.drop.morearmor.scute_armorboots":1,"stat.useItem.minecraft.rotten_flesh":2,"stat.pickup.minecraft.brick_stairs":2,"stat.jump":1160,"stat.pickup.minecraft.coal":14,"stat.fallOneCm":31421,"stat.useItem.minecraft.stone_axe":87,"stat.crouchOneCm":8142,"stat.pickup.minecraft.spider_eye":2,"stat.pickup.minecraft.dirt":22,"stat.pickup.minecraft.red_mushroom":12,"stat.craftingTableInteraction":19,"stat.drop.minecraft.stained_glass_pane":1,"stat.useItem.minecraft.sapling":2,"stat.mineBlock.minecraft.stone_stairs":1,"stat.damageTaken":1929,"stat.pickup.minecraft.leather":8,"stat.mineBlock.minecraft.torch":1,"stat.mineBlock.minecraft.red_flower":4,"stat.mineBlock.minecraft.furnace":1,"stat.useItem.minecraft.wooden_pickaxe":5,"stat.pickup.minecraft.reeds":7,"stat.killEntity.CaveSpider":1,"stat.pickup.minecraft.wheat_seeds":43,"stat.pickup.minecraft.potato":17,"stat.useItem.minecraft.stone_pickaxe":62,"stat.useItem.minecraft.stone_sword":91,"stat.damageDealt":11262,"stat.sleepInBed":3,"stat.killEntity.Cow":8,"stat.mineBlock.minecraft.dirt":23,"stat.killEntity.Pig":12,"stat.pickup.minecraft.chainmail_boots":1,"stat.pickup.minecraft.poisonous_potato":2,"stat.walkOneCm":350631,"stat.killEntity.bia":1,"stat.pickup.minecraft.crafting_table":3,"stat.useItem.minecraft.cobblestone":33,"stat.craftItem.minecraft.crafting_table":3,"stat.mineBlock.minecraft.double_plant":8,"stat.pickup.minecraft.log":33,"stat.craftItem.morearmor.scute_armorboots":2,"stat.pickup.minecraft.stone":1,"stat.pickup.minecraft.sapling":14,"stat.pickup.minecraft.cooked_beef":6,"stat.killEntity.Skeleton":2,"stat.pickup.minecraft.beetroot":4,"stat.craftItem.minecraft.planks":68,"stat.useItem.minecraft.iron_sword":179,"stat.killEntity.Spider":3,"stat.pickup.minecraft.stone_sword":1,"stat.mobKills":74,"stat.mineBlock.minecraft.log":34,"stat.useItem.minecraft.spruce_door":1,"stat.mineBlock.minecraft.leaves":8,"stat.pickup.minecraft.beetroot_seeds":9,"stat.pickup.minecraft.torch":2,"stat.pickup.minecraft.red_flower":4,"stat.sneakTime":3080,"stat.pickup.minecraft.wool":7,"stat.mineBlock.minecraft.stone":18,"stat.craftItem.minecraft.spruce_door":3}