{"stat.chestOpened":6,"stat.cakeSlicesEaten":2,"stat.mineBlock.minecraft.mossy_cobblestone":2,"stat.pickup.minecraft.pumpkin":5,"stat.pickup.minecraft.bone":2,"stat.drop.minecraft.wooden_pickaxe":1,"stat.pickup.minecraft.iron_sword":1,"stat.pickup.minecraft.arrow":1,"stat.drop.minecraft.cooked_beef":5,"stat.mineBlock.minecraft.pumpkin":4,"stat.mineBlock.minecraft.cobblestone":9,"stat.craftItem.minecraft.cooked_porkchop":22,"stat.drop.morearmor.scute_armorboots":1,"stat.craftItem.minecraft.wool":4,"stat.useItem.minecraft.rotten_flesh":2,"stat.jump":814,"stat.swimOneCm":10871,"stat.fallOneCm":23732,"stat.useItem.minecraft.planks":25,"stat.mineBlock.minecraft.web":1,"stat.drop.minecraft.cobblestone":2,"stat.useItem.minecraft.stone_axe":87,"stat.pickup.minecraft.porkchop":23,"stat.crouchOneCm":6550,"stat.drop.minecraft.brown_mushroom":1,"stat.pickup.minecraft.spider_eye":2,"stat.pickup.minecraft.dirt":22,"stat.useItem.minecraft.dirt":2,"stat.useItem.minecraft.stone_slab2":21,"stat.craftingTableInteraction":19,"stat.pickup.minecraft.rotten_flesh":23,"stat.craftItem.minecraft.furnace":2,"stat.useItem.minecraft.sapling":2,"stat.pickup.minecraft.brick_block":3,"stat.craftItem.minecraft.stone_axe":1,"stat.mineBlock.minecraft.stone_stairs":1,"stat.damageTaken":1139,"stat.pickup.minecraft.leather":8,"stat.craftItem.minecraft.stone_pickaxe":1,"stat.mineBlock.minecraft.torch":1,"stat.mineBlock.minecraft.red_flower":4,"stat.mineBlock.minecraft.furnace":1,"stat.useItem.minecraft.wooden_pickaxe":5,"stat.craftItem.minecraft.cooked_beef":7,"stat.pickup.minecraft.cobblestone":69,"stat.craftItem.minecraft.stone_sword":1,"stat.killEntity.CaveSpider":1,"stat.useItem.minecraft.brick_block":2,"stat.flyOneCm":252802,"stat.pickup.minecraft.wheat_seeds":43,"stat.pickup.minecraft.brown_mushroom":1,"stat.pickup.minecraft.potato":17,"stat.useItem.minecraft.stone_pickaxe":55,"stat.useItem.minecraft.cooked_beef":8,"stat.useItem.minecraft.stone_sword":91,"stat.damageDealt":9891,"stat.sleepInBed":3,"stat.timeSinceDeath":47501,"stat.killEntity.Cow":8,"stat.mineBlock.minecraft.dirt":23,"stat.craftItem.minecraft.wooden_pickaxe":1,"stat.killEntity.Pig":12,"stat.pickup.minecraft.chainmail_boots":1,"stat.pickup.minecraft.mutton":10,"stat.pickup.minecraft.mossy_cobblestone":2,"stat.mineBlock.minecraft.brick_block":3,"stat.pickup.minecraft.double_plant":1,"stat.walkOneCm":157066,"stat.craftItem.minecraft.bed":1,"stat.pickup.morearmor.scute_armorboots":1,"stat.pickup.minecraft.crafting_table":2,"stat.useItem.minecraft.cobblestone":33,"stat.craftItem.minecraft.crafting_table":3,"stat.furnaceInteraction":16,"stat.mineBlock.minecraft.double_plant":6,"stat.useItem.minecraft.cooked_porkchop":7,"stat.pickup.minecraft.string":12,"stat.pickup.minecraft.log":33,"stat.craftItem.morearmor.scute_armorboots":2,"stat.pickup.minecraft.beef":18,"stat.pickup.minecraft.furnace":1,"stat.craftItem.minecraft.stone_slab2":0,"stat.pickup.minecraft.sapling":12,"stat.sprintOneCm":207914,"stat.pickup.minecraft.cooked_beef":6,"stat.craftItem.minecraft.stick":8,"stat.killEntity.Skeleton":2,"stat.pickup.minecraft.beetroot":4,"stat.craftItem.minecraft.planks":68,"stat.useItem.minecraft.iron_sword":158,"stat.killEntity.Spider":3,"stat.mineBlock.minecraft.crafting_table":2,"stat.pickup.minecraft.stone_sword":1,"stat.mobKills":68,"stat.mineBlock.minecraft.log":34,"stat.useItem.minecraft.spruce_door":1,"stat.drop":10,"stat.mineBlock.minecraft.leaves":8,"stat.pickup.minecraft.beetroot_seeds":9,"stat.playOneMinute":47501,"stat.pickup.minecraft.torch":2,"stat.killEntity.Sheep":6,"stat.pickup.minecraft.red_flower":4,"stat.sneakTime":2421,"stat.pickup.minecraft.wool":6,"stat.killEntity.Zombie":30,"stat.craftItem.minecraft.dye":4,"stat.mineBlock.minecraft.stone":18,"stat.mineBlock.minecraft.tallgrass":31,"stat.diveOneCm":3932,"stat.pickup.minecraft.wheat":2,"stat.craftItem.minecraft.spruce_door":3}