{"stat.cakeSlicesEaten":2,"stat.pickup.minecraft.bone":3,"stat.leaveGame":1,"stat.mineBlock.minecraft.pumpkin":4,"stat.mineBlock.minecraft.cobblestone":9,"stat.pickup.minecraft.flint":1,"stat.craftItem.minecraft.wool":4,"stat.swimOneCm":11007,"stat.useItem.minecraft.planks":25,"stat.mineBlock.minecraft.web":1,"stat.drop.minecraft.cobblestone":2,"stat.pickup.minecraft.porkchop":23,"stat.drop.minecraft.brown_mushroom":1,"stat.useItem.minecraft.dirt":2,"stat.useItem.minecraft.stone_slab2":459,"stat.pickup.minecraft.rotten_flesh":59,"stat.craftItem.minecraft.furnace":2,"stat.pickup.minecraft.brick_block":5,"stat.craftItem.minecraft.stone_axe":1,"stat.drop.minecraft.brick_block":1,"stat.craftItem.minecraft.stone_pickaxe":1,"stat.craftItem.minecraft.cooked_beef":7,"stat.pickup.minecraft.cobblestone":69,"stat.drop.sexmod.allies_lamp":1,"stat.craftItem.minecraft.stone_sword":1,"stat.useItem.minecraft.brick_block":2,"stat.flyOneCm":328702,"stat.pickup.minecraft.brown_mushroom":1,"stat.useItem.minecraft.cooked_beef":8,"stat.timeSinceDeath":70011,"stat.craftItem.minecraft.wooden_pickaxe":1,"stat.pickup.minecraft.mutton":10,"stat.pickup.minecraft.mossy_cobblestone":2,"stat.mineBlock.minecraft.brick_block":5,"stat.pickup.minecraft.double_plant":1,"stat.craftItem.minecraft.bed":1,"stat.pickup.morearmor.scute_armorboots":1,"stat.furnaceInteraction":24,"stat.useItem.minecraft.cooked_porkchop":8,"stat.pickup.minecraft.string":14,"stat.pickup.minecraft.beef":18,"stat.pickup.minecraft.furnace":1,"stat.craftItem.minecraft.stone_slab2":0,"stat.sprintOneCm":240868,"stat.craftItem.minecraft.stick":8,"stat.mineBlock.minecraft.crafting_table":2,"stat.mineBlock.minecraft.brick_stairs":1,"stat.pickup.minecraft.bowl":2,"stat.drop":13,"stat.playOneMinute":70011,"stat.killEntity.Sheep":6,"stat.killEntity.Zombie":30,"stat.craftItem.minecraft.dye":4,"stat.mineBlock.minecraft.tallgrass":31,"stat.diveOneCm":4186,"stat.pickup.minecraft.wheat":2,"stat.chestOpened":13,"stat.mineBlock.minecraft.mossy_cobblestone":2,"stat.pickup.minecraft.pumpkin":5,"stat.drop.minecraft.wooden_pickaxe":1,"stat.pickup.minecraft.iron_sword":1,"stat.pickup.minecraft.arrow":1,"stat.drop.minecraft.cooked_beef":5,"stat.craftItem.minecraft.cooked_porkchop":37,"stat.drop.morearmor.scute_armorboots":1,"stat.useItem.minecraft.rotten_flesh":2,"stat.pickup.minecraft.brick_stairs":1,"stat.jump":921,"stat.fallOneCm":26583,"stat.useItem.minecraft.stone_axe":87,"stat.crouchOneCm":7678,"stat.pickup.minecraft.spider_eye":2,"stat.pickup.minecraft.dirt":22,"stat.pickup.minecraft.red_mushroom":12,"stat.craftingTableInteraction":19,"stat.drop.minecraft.stained_glass_pane":1,"stat.useItem.minecraft.sapling":2,"stat.mineBlock.minecraft.stone_stairs":1,"stat.damageTaken":1159,"stat.pickup.minecraft.leather":8,"stat.mineBlock.minecraft.torch":1,"stat.mineBlock.minecraft.red_flower":4,"stat.mineBlock.minecraft.furnace":1,"stat.useItem.minecraft.wooden_pickaxe":5,"stat.pickup.minecraft.reeds":7,"stat.killEntity.CaveSpider":1,"stat.pickup.minecraft.wheat_seeds":43,"stat.pickup.minecraft.potato":17,"stat.useItem.minecraft.stone_pickaxe":58,"stat.useItem.minecraft.stone_sword":91,"stat.damageDealt":9961,"stat.sleepInBed":3,"stat.killEntity.Cow":8,"stat.mineBlock.minecraft.dirt":23,"stat.killEntity.Pig":12,"stat.pickup.minecraft.chainmail_boots":1,"stat.pickup.minecraft.poisonous_potato":2,"stat.walkOneCm":256679,"stat.pickup.minecraft.crafting_table":2,"stat.useItem.minecraft.cobblestone":33,"stat.craftItem.minecraft.crafting_table":3,"stat.mineBlock.minecraft.double_plant":6,"stat.pickup.minecraft.log":33,"stat.craftItem.morearmor.scute_armorboots":2,"stat.pickup.minecraft.stone":1,"stat.pickup.minecraft.sapling":14,"stat.pickup.minecraft.cooked_beef":6,"stat.killEntity.Skeleton":2,"stat.pickup.minecraft.beetroot":4,"stat.craftItem.minecraft.planks":68,"stat.useItem.minecraft.iron_sword":158,"stat.killEntity.Spider":3,"stat.pickup.minecraft.stone_sword":1,"stat.mobKills":68,"stat.mineBlock.minecraft.log":34,"stat.useItem.minecraft.spruce_door":1,"stat.mineBlock.minecraft.leaves":8,"stat.pickup.minecraft.beetroot_seeds":9,"stat.pickup.minecraft.torch":2,"stat.pickup.minecraft.red_flower":4,"stat.sneakTime":2937,"stat.pickup.minecraft.wool":6,"stat.mineBlock.minecraft.stone":18,"stat.craftItem.minecraft.spruce_door":3}