{"stat.chestOpened":2,"stat.pickup.minecraft.pumpkin":5,"stat.mineBlock.minecraft.mossy_cobblestone":2,"stat.pickup.minecraft.double_plant":1,"stat.walkOneCm":121516,"stat.pickup.minecraft.bone":1,"stat.pickup.morearmor.scute_armorboots":1,"stat.drop.minecraft.wooden_pickaxe":1,"stat.pickup.minecraft.iron_sword":1,"stat.pickup.minecraft.arrow":1,"stat.mineBlock.minecraft.pumpkin":4,"stat.drop.minecraft.cooked_beef":5,"stat.pickup.minecraft.crafting_table":2,"stat.mineBlock.minecraft.cobblestone":9,"stat.craftItem.minecraft.cooked_porkchop":16,"stat.useItem.minecraft.cobblestone":33,"stat.craftItem.minecraft.crafting_table":3,"stat.furnaceInteraction":12,"stat.mineBlock.minecraft.double_plant":6,"stat.useItem.minecraft.cooked_porkchop":5,"stat.drop.morearmor.scute_armorboots":1,"stat.craftItem.minecraft.wool":2,"stat.pickup.minecraft.log":33,"stat.pickup.minecraft.string":6,"stat.useItem.minecraft.rotten_flesh":2,"stat.craftItem.morearmor.scute_armorboots":2,"stat.jump":617,"stat.swimOneCm":1386,"stat.fallOneCm":18734,"stat.useItem.minecraft.planks":25,"stat.pickup.minecraft.beef":16,"stat.mineBlock.minecraft.web":1,"stat.pickup.minecraft.furnace":1,"stat.drop.minecraft.cobblestone":2,"stat.useItem.minecraft.stone_axe":87,"stat.craftItem.minecraft.stone_slab2":0,"stat.pickup.minecraft.porkchop":23,"stat.crouchOneCm":4541,"stat.drop.minecraft.brown_mushroom":1,"stat.pickup.minecraft.spider_eye":1,"stat.pickup.minecraft.sapling":8,"stat.sprintOneCm":159876,"stat.useItem.minecraft.stone_slab2":18,"stat.pickup.minecraft.cooked_beef":6,"stat.craftItem.minecraft.stick":8,"stat.craftingTableInteraction":16,"stat.pickup.minecraft.rotten_flesh":23,"stat.killEntity.Skeleton":2,"stat.craftItem.minecraft.furnace":2,"stat.useItem.minecraft.sapling":2,"stat.craftItem.minecraft.planks":56,"stat.useItem.minecraft.iron_sword":66,"stat.craftItem.minecraft.stone_axe":1,"stat.mineBlock.minecraft.stone_stairs":1,"stat.pickup.minecraft.leather":6,"stat.damageTaken":1042,"stat.killEntity.Spider":3,"stat.mineBlock.minecraft.crafting_table":2,"stat.craftItem.minecraft.stone_pickaxe":1,"stat.mineBlock.minecraft.torch":1,"stat.mineBlock.minecraft.red_flower":4,"stat.mineBlock.minecraft.furnace":1,"stat.useItem.minecraft.wooden_pickaxe":5,"stat.craftItem.minecraft.cooked_beef":7,"stat.pickup.minecraft.cobblestone":64,"stat.mobKills":64,"stat.mineBlock.minecraft.log":34,"stat.craftItem.minecraft.stone_sword":1,"stat.killEntity.CaveSpider":1,"stat.flyOneCm":153531,"stat.drop":10,"stat.pickup.minecraft.wheat_seeds":10,"stat.pickup.minecraft.brown_mushroom":1,"stat.mineBlock.minecraft.leaves":8,"stat.playOneMinute":34901,"stat.pickup.minecraft.torch":2,"stat.useItem.minecraft.stone_pickaxe":28,"stat.killEntity.Sheep":4,"stat.useItem.minecraft.cooked_beef":8,"stat.pickup.minecraft.red_flower":4,"stat.sneakTime":1914,"stat.useItem.minecraft.stone_sword":91,"stat.pickup.minecraft.wool":4,"stat.damageDealt":9431,"stat.killEntity.Zombie":29,"stat.timeSinceDeath":34901,"stat.craftItem.minecraft.dye":4,"stat.killEntity.Cow":7,"stat.craftItem.minecraft.wooden_pickaxe":1,"stat.mineBlock.minecraft.stone":13,"stat.killEntity.Pig":12,"stat.mineBlock.minecraft.tallgrass":31,"stat.pickup.minecraft.mutton":7,"stat.pickup.minecraft.mossy_cobblestone":2}