{"stat.pickup.minecraft.pumpkin":5,"stat.mineBlock.minecraft.mossy_cobblestone":2,"stat.walkOneCm":86459,"stat.pickup.minecraft.bone":1,"stat.pickup.morearmor.scute_armorboots":1,"stat.drop.minecraft.wooden_pickaxe":1,"stat.pickup.minecraft.iron_sword":1,"stat.pickup.minecraft.arrow":1,"stat.mineBlock.minecraft.pumpkin":4,"stat.drop.minecraft.cooked_beef":5,"stat.pickup.minecraft.crafting_table":1,"stat.mineBlock.minecraft.cobblestone":4,"stat.useItem.minecraft.cobblestone":22,"stat.craftItem.minecraft.crafting_table":2,"stat.furnaceInteraction":7,"stat.mineBlock.minecraft.double_plant":6,"stat.drop.morearmor.scute_armorboots":1,"stat.pickup.minecraft.log":33,"stat.pickup.minecraft.string":3,"stat.craftItem.morearmor.scute_armorboots":2,"stat.jump":364,"stat.fallOneCm":11529,"stat.pickup.minecraft.beef":6,"stat.drop.minecraft.cobblestone":2,"stat.useItem.minecraft.stone_axe":87,"stat.craftItem.minecraft.stone_slab2":0,"stat.crouchOneCm":1406,"stat.drop.minecraft.brown_mushroom":1,"stat.pickup.minecraft.sapling":8,"stat.sprintOneCm":99969,"stat.useItem.minecraft.stone_slab2":9,"stat.pickup.minecraft.cooked_beef":4,"stat.craftItem.minecraft.stick":8,"stat.craftingTableInteraction":12,"stat.pickup.minecraft.rotten_flesh":20,"stat.killEntity.Skeleton":2,"stat.craftItem.minecraft.furnace":1,"stat.useItem.minecraft.sapling":2,"stat.craftItem.minecraft.planks":28,"stat.craftItem.minecraft.stone_axe":1,"stat.mineBlock.minecraft.stone_stairs":1,"stat.pickup.minecraft.leather":1,"stat.damageTaken":615,"stat.killEntity.Spider":3,"stat.mineBlock.minecraft.crafting_table":1,"stat.craftItem.minecraft.stone_pickaxe":1,"stat.mineBlock.minecraft.torch":1,"stat.useItem.minecraft.wooden_pickaxe":5,"stat.craftItem.minecraft.cooked_beef":7,"stat.pickup.minecraft.cobblestone":60,"stat.mobKills":37,"stat.mineBlock.minecraft.log":34,"stat.craftItem.minecraft.stone_sword":1,"stat.flyOneCm":73388,"stat.drop":10,"stat.pickup.minecraft.wheat_seeds":1,"stat.pickup.minecraft.brown_mushroom":1,"stat.mineBlock.minecraft.leaves":8,"stat.playOneMinute":23201,"stat.pickup.minecraft.torch":2,"stat.useItem.minecraft.stone_pickaxe":18,"stat.useItem.minecraft.cooked_beef":6,"stat.sneakTime":345,"stat.useItem.minecraft.stone_sword":91,"stat.damageDealt":6245,"stat.killEntity.Zombie":23,"stat.timeSinceDeath":23201,"stat.killEntity.Cow":3,"stat.craftItem.minecraft.wooden_pickaxe":1,"stat.mineBlock.minecraft.stone":13,"stat.mineBlock.minecraft.tallgrass":27,"stat.pickup.minecraft.mossy_cobblestone":2}