{"stat.chestOpened":1,"stat.pickup.minecraft.bone":4,"stat.leaveGame":5,"stat.pickup.minecraft.iron_sword":3,"stat.entityKilledBy.galath":2,"stat.mineBlock.minecraft.stained_glass_pane":2,"stat.jump":533,"stat.swimOneCm":2771,"stat.pickup.minecraft.coal":22,"stat.fallOneCm":20586,"stat.useItem.minecraft.planks":3,"stat.crouchOneCm":1401,"stat.pickup.minecraft.dirt":3,"stat.useItem.minecraft.dirt":1,"stat.useItem.minecraft.stone_slab2":2,"stat.craftingTableInteraction":1,"stat.pickup.minecraft.rotten_flesh":2,"stat.pickup.minecraft.wooden_pickaxe":2,"stat.damageTaken":1352,"stat.useItem.minecraft.wooden_pickaxe":32,"stat.pickup.minecraft.cobblestone":23,"stat.pickup.minecraft.planks":63,"stat.flyOneCm":55252,"stat.damageDealt":405,"stat.sleepInBed":2,"stat.timeSinceDeath":5780,"stat.mineBlock.minecraft.dirt":2,"stat.craftItem.minecraft.wooden_pickaxe":1,"stat.walkOneCm":59784,"stat.pickup.morearmor.scute_armorboots":2,"stat.craftItem.minecraft.crafting_table":1,"stat.mineBlock.minecraft.coal_ore":11,"stat.pickup.sexmod.galath_coin":1,"stat.entityKilledBy.WitherSkeleton":1,"stat.pickup.minecraft.log":9,"stat.craftItem.morearmor.scute_armorboots":1,"stat.sprintOneCm":43005,"stat.craftItem.minecraft.stick":4,"stat.craftItem.minecraft.planks":28,"stat.useItem.minecraft.iron_sword":10,"stat.useItem.minecraft.snowball":1,"stat.mobKills":1,"stat.mineBlock.minecraft.log":9,"stat.deaths":4,"stat.mineBlock.minecraft.leaves":1,"stat.playOneMinute":18745,"stat.sneakTime":800,"stat.pickup.minecraft.snowball":1,"stat.pickup.minecraft.yellow_flower":1,"stat.mineBlock.minecraft.stone":16,"stat.diveOneCm":7255}