{"stat.chestOpened":4,"stat.pickup.minecraft.pumpkin":4,"stat.pickup.minecraft.bone":1,"stat.mineBlock.minecraft.pumpkin":1,"stat.mineBlock.minecraft.cobblestone":2,"stat.craftItem.minecraft.cooked_porkchop":8,"stat.pickup.minecraft.stone_pickaxe":2,"stat.pickup.morearmor.cobblestone_armorhelmet":1,"stat.useItem.minecraft.rotten_flesh":1,"stat.jump":626,"stat.swimOneCm":438,"stat.pickup.minecraft.coal":35,"stat.fallOneCm":20070,"stat.mineBlock.minecraft.web":3,"stat.pickup.minecraft.cooked_porkchop":23,"stat.crouchOneCm":6564,"stat.pickup.minecraft.spider_eye":2,"stat.craftItem.minecraft.torch":16,"stat.pickup.minecraft.dirt":28,"stat.useItem.minecraft.dirt":20,"stat.useItem.minecraft.stone_slab2":6,"stat.pickup.minecraft.bow":1,"stat.craftingTableInteraction":21,"stat.pickup.minecraft.iron_ore":9,"stat.pickup.minecraft.rotten_flesh":5,"stat.pickup.minecraft.sand":52,"stat.craftItem.minecraft.furnace":1,"stat.useItem.minecraft.sapling":1,"stat.pickup.morearmor.cobblestone_armorbody":1,"stat.craftItem.minecraft.stone_axe":1,"stat.damageTaken":1553,"stat.mineBlock.minecraft.red_flower":2,"stat.craftItem.minecraft.stone_pickaxe":3,"stat.mineBlock.minecraft.torch":2,"stat.useItem.minecraft.wooden_pickaxe":21,"stat.killEntity.Enderman":1,"stat.mineBlock.minecraft.sapling":3,"stat.pickup.minecraft.cobblestone":369,"stat.pickup.minecraft.planks":20,"stat.craftItem.minecraft.stone_sword":1,"stat.flyOneCm":98355,"stat.pickup.minecraft.glass_bottle":1,"stat.pickup.minecraft.wheat_seeds":9,"stat.pickup.minecraft.brown_mushroom":2,"stat.drop.minecraft.wheat_seeds":1,"stat.useItem.minecraft.stone_pickaxe":378,"stat.useItem.minecraft.cooked_beef":5,"stat.useItem.minecraft.stone_sword":85,"stat.damageDealt":3384,"stat.mineBlock.minecraft.iron_ore":9,"stat.timeSinceDeath":18834,"stat.mineBlock.minecraft.dirt":1,"stat.craftItem.minecraft.wooden_pickaxe":1,"stat.pickup.minecraft.chainmail_boots":1,"stat.walkOneCm":253314,"stat.useItem.minecraft.torch":5,"stat.pickup.morearmor.scute_armorboots":2,"stat.pickup.minecraft.stick":3,"stat.useItem.minecraft.cobblestone":3,"stat.furnaceInteraction":14,"stat.craftItem.minecraft.crafting_table":1,"stat.mineBlock.minecraft.double_plant":13,"stat.useItem.minecraft.cooked_porkchop":2,"stat.mineBlock.minecraft.coal_ore":35,"stat.killEntity.Creeper":2,"stat.pickup.minecraft.string":11,"stat.pickup.minecraft.log":18,"stat.craftItem.morearmor.scute_armorboots":1,"stat.entityKilledBy.Skeleton":2,"stat.pickup.minecraft.stone":34,"stat.pickup.minecraft.sapling":14,"stat.pickup.minecraft.ender_pearl":1,"stat.sprintOneCm":81039,"stat.entityKilledBy.Enderman":1,"stat.pickup.minecraft.cooked_beef":10,"stat.craftItem.minecraft.stick":20,"stat.killEntity.Skeleton":2,"stat.killEntity.Horse":1,"stat.craftItem.minecraft.planks":68,"stat.killEntity.Spider":4,"stat.pickup.minecraft.stone_sword":1,"stat.pickup.morearmor.cobblestone_armorlegs":1,"stat.mobKills":15,"stat.mineBlock.minecraft.log":17,"stat.deaths":3,"stat.drop":3,"stat.mineBlock.minecraft.leaves":6,"stat.playOneMinute":44877,"stat.pickup.minecraft.torch":4,"stat.pickup.minecraft.red_flower":4,"stat.sneakTime":1127,"stat.drop.minecraft.stone_axe":1,"stat.killEntity.Zombie":3,"stat.drop.minecraft.torch":1,"stat.mineBlock.minecraft.stone":336,"stat.mineBlock.minecraft.tallgrass":60,"stat.diveOneCm":917}