{"stat.chestOpened":13,"stat.pickup.minecraft.pumpkin":6,"stat.craftItem.morearmor.cobblestone_armorlegs":1,"stat.pickup.minecraft.bone":1,"stat.mineBlock.minecraft.pumpkin":2,"stat.mineBlock.minecraft.cobblestone":2,"stat.craftItem.minecraft.cooked_porkchop":17,"stat.pickup.minecraft.stone_pickaxe":2,"stat.mineBlock.minecraft.yellow_flower":1,"stat.pickup.morearmor.cobblestone_armorhelmet":3,"stat.useItem.minecraft.rotten_flesh":1,"stat.useItem.minecraft.mutton":2,"stat.jump":2179,"stat.swimOneCm":9172,"stat.pickup.minecraft.coal":190,"stat.fallOneCm":50163,"stat.mineBlock.minecraft.web":3,"stat.pickup.spartanshields.shield_basic_iron":1,"stat.drop.minecraft.cobblestone":1,"stat.pickup.minecraft.cooked_porkchop":27,"stat.crouchOneCm":7140,"stat.pickup.minecraft.spider_eye":5,"stat.craftItem.minecraft.torch":16,"stat.craftItem.minecraft.iron_ingot":3,"stat.pickup.minecraft.dirt":29,"stat.useItem.minecraft.dirt":20,"stat.useItem.minecraft.stone_slab2":12,"stat.pickup.minecraft.bow":1,"stat.craftingTableInteraction":32,"stat.pickup.minecraft.iron_ore":59,"stat.pickup.minecraft.rotten_flesh":6,"stat.pickup.minecraft.sand":52,"stat.craftItem.minecraft.furnace":1,"stat.useItem.minecraft.sapling":1,"stat.entityKilledBy.Spider":1,"stat.pickup.aether_legacy.iron_gloves":1,"stat.pickup.morearmor.cobblestone_armorbody":3,"stat.craftItem.minecraft.stone_axe":1,"stat.pickup.minecraft.wooden_pickaxe":1,"stat.damageTaken":3245,"stat.pickup.minecraft.leather":2,"stat.mineBlock.minecraft.red_flower":2,"stat.craftItem.minecraft.stone_pickaxe":3,"stat.mineBlock.minecraft.torch":8,"stat.useItem.minecraft.wooden_pickaxe":21,"stat.killEntity.Enderman":1,"stat.mineBlock.minecraft.sapling":3,"stat.pickup.minecraft.cobblestone":557,"stat.pickup.minecraft.dye":5,"stat.pickup.minecraft.planks":43,"stat.craftItem.minecraft.stone_sword":3,"stat.flyOneCm":335179,"stat.pickup.minecraft.glass_bottle":1,"stat.pickup.minecraft.wheat_seeds":35,"stat.pickup.minecraft.brown_mushroom":2,"stat.drop.minecraft.wheat_seeds":1,"stat.entityKilledBy.Zombie":1,"stat.craftItem.morearmor.cobblestone_armorhelmet":1,"stat.useItem.minecraft.stone_pickaxe":397,"stat.useItem.minecraft.cooked_beef":5,"stat.useItem.minecraft.stone_sword":117,"stat.damageDealt":5155,"stat.pickup.minecraft.redstone":106,"stat.mineBlock.minecraft.iron_ore":35,"stat.sleepInBed":3,"stat.timeSinceDeath":6426,"stat.killEntity.Cow":3,"stat.mineBlock.minecraft.dirt":4,"stat.useItem.minecraft.iron_pickaxe":175,"stat.craftItem.minecraft.wooden_pickaxe":1,"stat.pickup.minecraft.chainmail_boots":1,"stat.pickup.minecraft.mutton":16,"stat.pickup.minecraft.double_plant":1,"stat.walkOneCm":652980,"stat.useItem.minecraft.torch":20,"stat.pickup.morearmor.scute_armorboots":3,"stat.pickup.minecraft.stick":5,"stat.craftItem.morearmor.cobblestone_armorbody":1,"stat.pickup.minecraft.wooden_axe":1,"stat.pickup.minecraft.crafting_table":3,"stat.useItem.minecraft.cobblestone":20,"stat.pickup.aether_legacy.iron_ring":1,"stat.furnaceInteraction":21,"stat.craftItem.minecraft.crafting_table":2,"stat.mineBlock.minecraft.double_plant":18,"stat.useItem.minecraft.cooked_porkchop":13,"stat.mineBlock.minecraft.coal_ore":65,"stat.killEntity.Creeper":2,"stat.pickup.minecraft.string":15,"stat.pickup.minecraft.log":54,"stat.craftItem.morearmor.scute_armorboots":3,"stat.pickup.minecraft.iron_pickaxe":2,"stat.pickup.minecraft.beef":6,"stat.useItem.minecraft.redstone":1,"stat.entityKilledBy.Skeleton":4,"stat.craftItem.minecraft.stone_slab2":0,"stat.pickup.minecraft.stone":50,"stat.pickup.minecraft.sapling":42,"stat.pickup.minecraft.ender_pearl":1,"stat.killEntity.Squid":1,"stat.sprintOneCm":328229,"stat.entityKilledBy.Enderman":1,"stat.pickup.minecraft.cooked_beef":10,"stat.craftItem.minecraft.stick":24,"stat.craftItem.minecraft.wooden_axe":1,"stat.killEntity.Skeleton":2,"stat.killEntity.Horse":1,"stat.drop.aether_legacy.iron_gloves":1,"stat.craftItem.minecraft.planks":88,"stat.killEntity.Spider":7,"stat.mineBlock.minecraft.crafting_table":2,"stat.pickup.minecraft.stone_sword":4,"stat.pickup.morearmor.cobblestone_armorlegs":2,"stat.mobKills":28,"stat.mineBlock.minecraft.log":41,"stat.deaths":7,"stat.drop":5,"stat.mineBlock.minecraft.leaves":34,"stat.playOneMinute":120677,"stat.pickup.minecraft.torch":14,"stat.killEntity.Sheep":6,"stat.pickup.minecraft.red_flower":4,"stat.mineBlock.minecraft.redstone_ore":8,"stat.sneakTime":1310,"stat.craftItem.minecraft.iron_pickaxe":1,"stat.pickup.minecraft.wool":11,"stat.drop.minecraft.stone_axe":1,"stat.pickup.minecraft.spruce_boat":1,"stat.killEntity.Zombie":3,"stat.drop.minecraft.torch":1,"stat.useItem.minecraft.wooden_axe":55,"stat.pickup.minecraft.yellow_flower":2,"stat.mineBlock.minecraft.stone":464,"stat.mineBlock.minecraft.tallgrass":110,"stat.diveOneCm":10995}