{"stat.pickup.minecraft.pumpkin":4,"stat.walkOneCm":153517,"stat.pickup.minecraft.bone":1,"stat.pickup.morearmor.scute_armorboots":2,"stat.pickup.minecraft.stick":3,"stat.mineBlock.minecraft.pumpkin":1,"stat.mineBlock.minecraft.cobblestone":2,"stat.pickup.minecraft.stone_pickaxe":2,"stat.useItem.minecraft.cobblestone":2,"stat.furnaceInteraction":6,"stat.mineBlock.minecraft.double_plant":5,"stat.killEntity.Creeper":2,"stat.pickup.minecraft.log":7,"stat.pickup.minecraft.string":11,"stat.jump":314,"stat.swimOneCm":438,"stat.fallOneCm":5584,"stat.mineBlock.minecraft.web":3,"stat.crouchOneCm":1222,"stat.pickup.minecraft.spider_eye":2,"stat.pickup.minecraft.sapling":12,"stat.pickup.minecraft.ender_pearl":1,"stat.pickup.minecraft.dirt":28,"stat.useItem.minecraft.dirt":20,"stat.sprintOneCm":42079,"stat.useItem.minecraft.stone_slab2":3,"stat.entityKilledBy.Enderman":1,"stat.pickup.minecraft.cooked_beef":10,"stat.craftItem.minecraft.stick":8,"stat.craftingTableInteraction":13,"stat.pickup.minecraft.rotten_flesh":4,"stat.pickup.minecraft.sand":52,"stat.killEntity.Skeleton":1,"stat.craftItem.minecraft.furnace":1,"stat.useItem.minecraft.sapling":1,"stat.craftItem.minecraft.planks":24,"stat.craftItem.minecraft.stone_axe":1,"stat.damageTaken":741,"stat.killEntity.Spider":4,"stat.pickup.minecraft.stone_sword":1,"stat.mineBlock.minecraft.red_flower":2,"stat.craftItem.minecraft.stone_pickaxe":1,"stat.killEntity.Enderman":1,"stat.pickup.minecraft.cobblestone":198,"stat.mineBlock.minecraft.sapling":2,"stat.mobKills":12,"stat.mineBlock.minecraft.log":6,"stat.pickup.minecraft.planks":20,"stat.craftItem.minecraft.stone_sword":1,"stat.flyOneCm":41211,"stat.deaths":1,"stat.pickup.minecraft.glass_bottle":1,"stat.pickup.minecraft.wheat_seeds":1,"stat.drop":2,"stat.pickup.minecraft.brown_mushroom":2,"stat.mineBlock.minecraft.leaves":3,"stat.playOneMinute":20577,"stat.drop.minecraft.wheat_seeds":1,"stat.useItem.minecraft.stone_pickaxe":134,"stat.pickup.minecraft.red_flower":4,"stat.useItem.minecraft.cooked_beef":4,"stat.sneakTime":329,"stat.useItem.minecraft.stone_sword":68,"stat.damageDealt":2290,"stat.drop.minecraft.stone_axe":1,"stat.killEntity.Zombie":2,"stat.timeSinceDeath":5014,"stat.mineBlock.minecraft.dirt":1,"stat.mineBlock.minecraft.stone":132,"stat.mineBlock.minecraft.tallgrass":9,"stat.pickup.minecraft.chainmail_boots":1,"stat.diveOneCm":917}