{"stat.chestOpened":12,"stat.pickup.minecraft.pumpkin":4,"stat.craftItem.morearmor.cobblestone_armorlegs":1,"stat.pickup.minecraft.bone":1,"stat.mineBlock.minecraft.pumpkin":1,"stat.mineBlock.minecraft.cobblestone":2,"stat.craftItem.minecraft.cooked_porkchop":17,"stat.pickup.minecraft.stone_pickaxe":2,"stat.pickup.morearmor.cobblestone_armorhelmet":3,"stat.useItem.minecraft.rotten_flesh":1,"stat.useItem.minecraft.mutton":2,"stat.jump":1376,"stat.swimOneCm":3656,"stat.pickup.minecraft.coal":190,"stat.fallOneCm":35126,"stat.mineBlock.minecraft.web":3,"stat.pickup.spartanshields.shield_basic_iron":1,"stat.drop.minecraft.cobblestone":1,"stat.pickup.minecraft.cooked_porkchop":27,"stat.crouchOneCm":7140,"stat.pickup.minecraft.spider_eye":3,"stat.craftItem.minecraft.torch":16,"stat.craftItem.minecraft.iron_ingot":3,"stat.pickup.minecraft.dirt":28,"stat.useItem.minecraft.dirt":20,"stat.useItem.minecraft.stone_slab2":8,"stat.pickup.minecraft.bow":1,"stat.craftingTableInteraction":28,"stat.pickup.minecraft.iron_ore":59,"stat.pickup.minecraft.rotten_flesh":5,"stat.pickup.minecraft.sand":52,"stat.craftItem.minecraft.furnace":1,"stat.useItem.minecraft.sapling":1,"stat.entityKilledBy.Spider":1,"stat.pickup.aether_legacy.iron_gloves":1,"stat.pickup.morearmor.cobblestone_armorbody":3,"stat.craftItem.minecraft.stone_axe":1,"stat.pickup.minecraft.wooden_pickaxe":1,"stat.damageTaken":2517,"stat.pickup.minecraft.leather":2,"stat.mineBlock.minecraft.red_flower":2,"stat.craftItem.minecraft.stone_pickaxe":3,"stat.mineBlock.minecraft.torch":8,"stat.useItem.minecraft.wooden_pickaxe":21,"stat.killEntity.Enderman":1,"stat.mineBlock.minecraft.sapling":3,"stat.pickup.minecraft.cobblestone":536,"stat.pickup.minecraft.dye":3,"stat.pickup.minecraft.planks":20,"stat.craftItem.minecraft.stone_sword":2,"stat.flyOneCm":210362,"stat.pickup.minecraft.glass_bottle":1,"stat.pickup.minecraft.wheat_seeds":25,"stat.pickup.minecraft.brown_mushroom":2,"stat.drop.minecraft.wheat_seeds":1,"stat.craftItem.morearmor.cobblestone_armorhelmet":1,"stat.useItem.minecraft.stone_pickaxe":397,"stat.useItem.minecraft.cooked_beef":5,"stat.useItem.minecraft.stone_sword":106,"stat.damageDealt":4315,"stat.pickup.minecraft.redstone":106,"stat.mineBlock.minecraft.iron_ore":35,"stat.sleepInBed":3,"stat.timeSinceDeath":11549,"stat.killEntity.Cow":3,"stat.mineBlock.minecraft.dirt":2,"stat.useItem.minecraft.iron_pickaxe":175,"stat.craftItem.minecraft.wooden_pickaxe":1,"stat.pickup.minecraft.chainmail_boots":1,"stat.pickup.minecraft.mutton":2,"stat.pickup.minecraft.double_plant":1,"stat.walkOneCm":419442,"stat.useItem.minecraft.torch":20,"stat.pickup.morearmor.scute_armorboots":2,"stat.pickup.minecraft.stick":4,"stat.craftItem.morearmor.cobblestone_armorbody":1,"stat.useItem.minecraft.cobblestone":20,"stat.pickup.aether_legacy.iron_ring":1,"stat.furnaceInteraction":21,"stat.craftItem.minecraft.crafting_table":1,"stat.mineBlock.minecraft.double_plant":18,"stat.useItem.minecraft.cooked_porkchop":7,"stat.mineBlock.minecraft.coal_ore":65,"stat.killEntity.Creeper":2,"stat.pickup.minecraft.string":13,"stat.pickup.minecraft.log":18,"stat.craftItem.morearmor.scute_armorboots":1,"stat.pickup.minecraft.iron_pickaxe":2,"stat.pickup.minecraft.beef":6,"stat.useItem.minecraft.redstone":1,"stat.entityKilledBy.Skeleton":4,"stat.craftItem.minecraft.stone_slab2":0,"stat.pickup.minecraft.stone":50,"stat.pickup.minecraft.sapling":24,"stat.pickup.minecraft.ender_pearl":1,"stat.sprintOneCm":188946,"stat.entityKilledBy.Enderman":1,"stat.pickup.minecraft.cooked_beef":10,"stat.craftItem.minecraft.stick":20,"stat.killEntity.Skeleton":2,"stat.killEntity.Horse":1,"stat.drop.aether_legacy.iron_gloves":1,"stat.craftItem.minecraft.planks":68,"stat.killEntity.Spider":6,"stat.pickup.minecraft.stone_sword":3,"stat.pickup.morearmor.cobblestone_armorlegs":2,"stat.mobKills":21,"stat.mineBlock.minecraft.log":17,"stat.deaths":6,"stat.drop":5,"stat.mineBlock.minecraft.leaves":6,"stat.playOneMinute":93477,"stat.pickup.minecraft.torch":14,"stat.killEntity.Sheep":1,"stat.pickup.minecraft.red_flower":4,"stat.mineBlock.minecraft.redstone_ore":8,"stat.sneakTime":1309,"stat.craftItem.minecraft.iron_pickaxe":1,"stat.pickup.minecraft.wool":1,"stat.drop.minecraft.stone_axe":1,"stat.killEntity.Zombie":3,"stat.drop.minecraft.torch":1,"stat.mineBlock.minecraft.stone":464,"stat.mineBlock.minecraft.tallgrass":65,"stat.diveOneCm":6156}