{"stats":{"minecraft:used":{"minecraft:stone_pickaxe":131,"minecraft:iron_pickaxe":3,"minecraft:wooden_pickaxe":59,"minecraft:stone_axe":5,"minecraft:furnace":1,"minecraft:crafting_table":2},"minecraft:crafted":{"minecraft:cooked_beef":13,"minecraft:oak_planks":24,"minecraft:crafting_table":2,"minecraft:stick":8,"minecraft:iron_pickaxe":1,"minecraft:iron_ingot":3,"minecraft:wooden_pickaxe":1,"minecraft:stone_pickaxe":1,"minecraft:furnace":1,"minecraft:birch_planks":12,"minecraft:stone_axe":1,"minecraft:air":0},"minecraft:broken":{"minecraft:wooden_pickaxe":1,"minecraft:stone_pickaxe":1},"minecraft:dropped":{"minecraft:birch_planks":12},"minecraft:picked_up":{"minecraft:birch_log":3,"minecraft:crafting_table":1,"minecraft:raw_iron":22,"minecraft:oak_log":6,"minecraft:string":1,"minecraft:dirt":9,"minecraft:cooked_mutton":3,"minecraft:bone":1,"minecraft:wheat_seeds":1,"alexsmobs:cockroach_wing_fragment":1,"greekfantasy:marble":6,"greekfantasy:limestone":7,"minecraft:iron_ingot":3,"minecraft:coal":43,"minecraft:furnace":1,"minecraft:cobblestone":130},"minecraft:custom":{"minecraft:time_since_rest":11361,"minecraft:interact_with_furnace":8,"minecraft:sprint_one_cm":11511,"minecraft:damage_taken":20,"minecraft:walk_one_cm":21514,"minecraft:mob_kills":3,"minecraft:drop":1,"minecraft:damage_dealt":287,"minecraft:interact_with_crafting_table":4,"minecraft:fly_one_cm":4343,"minecraft:open_chest":1,"minecraft:crouch_one_cm":4939,"minecraft:play_time":11361,"minecraft:sneak_time":2118,"minecraft:jump":63,"minecraft:leave_game":1,"minecraft:time_since_death":11361,"minecraft:total_world_time":11361,"minecraft:fall_one_cm":745},"minecraft:killed":{"born_in_chaos_v1:baby_s_2":1,"alexsmobs:cockroach":1,"minecraft:spider":1},"minecraft:mined":{"greekfantasy:limestone":7,"minecraft:furnace":1,"minecraft:birch_log":3,"minecraft:iron_ore":12,"minecraft:birch_leaves":1,"minecraft:crafting_table":1,"minecraft:glow_lichen":1,"greekfantasy:marble":6,"minecraft:grass":2,"minecraft:grass_block":3,"minecraft:oak_log":6,"minecraft:coal_ore":23,"minecraft:deepslate_iron_ore":4,"minecraft:dirt":6,"minecraft:stone":130}},"DataVersion":3120}