{"stat.drop.minecraft.stone_pickaxe":1,"stat.cakeSlicesEaten":3,"stat.pickup.minecraft.bone":40,"stat.leaveGame":1,"stat.mineBlock.minecraft.cobblestone":6,"stat.killEntity.bee":1,"stat.pickup.minecraft.stone_pickaxe":2,"stat.pickup.minecraft.flint":1,"stat.swimOneCm":4979,"stat.craftItem.minecraft.shield":1,"stat.useItem.minecraft.planks":7,"stat.pickup.minecraft.cooked_porkchop":7,"stat.pickup.minecraft.porkchop":35,"stat.pickup.minecraft.glass":9,"stat.useItem.minecraft.dirt":14,"stat.useItem.minecraft.stone_slab2":28,"stat.pickup.minecraft.bow":3,"stat.drop.minecraft.iron_sword":1,"stat.pickup.minecraft.rotten_flesh":118,"stat.craftItem.minecraft.furnace":2,"stat.craftItem.minecraft.stone_axe":5,"stat.craftItem.minecraft.stone_pickaxe":3,"stat.craftItem.minecraft.cooked_beef":23,"stat.pickup.minecraft.cobblestone":178,"stat.pickup.minecraft.wooden_hoe":2,"stat.craftItem.minecraft.bow":1,"stat.craftItem.minecraft.stone_sword":1,"stat.flyOneCm":286648,"stat.useItem.minecraft.cooked_beef":17,"stat.craftItem.minecraft.wooden_hoe":1,"stat.mineBlock.minecraft.iron_ore":37,"stat.timeSinceDeath":33968,"stat.useItem.minecraft.iron_pickaxe":48,"stat.craftItem.minecraft.wooden_pickaxe":1,"stat.pickup.minecraft.mutton":13,"stat.pickup.minecraft.mossy_cobblestone":29,"stat.craftItem.minecraft.bed":1,"stat.pickup.morearmor.scute_armorboots":2,"stat.useItem.minecraft.potato":17,"stat.pickup.sexmod.allies_lamp":1,"stat.furnaceInteraction":27,"stat.useItem.minecraft.cooked_porkchop":17,"stat.mineBlock.minecraft.coal_ore":99,"stat.killEntity.Creeper":1,"stat.pickup.minecraft.shield":1,"stat.drop.minecraft.red_flower":1,"stat.pickup.minecraft.string":72,"stat.pickup.minecraft.beef":60,"stat.pickup.minecraft.furnace":3,"stat.entityKilledBy.Skeleton":1,"stat.craftItem.minecraft.stone_slab2":0,"stat.sprintOneCm":352124,"stat.pickup.minecraft.iron_chestplate":3,"stat.craftItem.minecraft.stick":44,"stat.pickup.minecraft.stone_stairs":1,"stat.drop.minecraft.wooden_hoe":1,"stat.mineBlock.minecraft.crafting_table":1,"stat.useItem.minecraft.dye":26,"stat.pickup.minecraft.spawn_egg":2,"stat.pickup.minecraft.bowl":2,"stat.deaths":2,"stat.drop":8,"stat.playOneMinute":95180,"stat.killEntity.Sheep":12,"stat.craftItem.minecraft.iron_pickaxe":1,"stat.killEntity.Zombie":90,"stat.craftItem.minecraft.dye":27,"stat.mineBlock.minecraft.tallgrass":15,"stat.pickup.minecraft.netherrack":1,"stat.diveOneCm":4308,"stat.pickup.minecraft.wheat":11,"stat.chestOpened":30,"stat.mineBlock.minecraft.mossy_cobblestone":29,"stat.useItem.minecraft.stone":9,"stat.mineBlock.minecraft.netherrack":1,"stat.pickup.minecraft.gravel":15,"stat.pickup.minecraft.arrow":36,"stat.pickup.minecraft.iron_sword":3,"stat.drop.minecraft.cooked_beef":2,"stat.craftItem.minecraft.cooked_porkchop":15,"stat.jump":1453,"stat.useItem.minecraft.wooden_hoe":7,"stat.pickup.minecraft.coal":184,"stat.pickup.minecraft.iron_helmet":2,"stat.fallOneCm":29231,"stat.pickup.minecraft.iron_ingot":8,"stat.useItem.minecraft.stone_axe":274,"stat.entityKilledBy.CaveSpider":1,"stat.crouchOneCm":26835,"stat.mineBlock.minecraft.chest":4,"stat.pickup.minecraft.spider_eye":7,"stat.craftItem.minecraft.torch":32,"stat.craftItem.minecraft.iron_ingot":20,"stat.pickup.minecraft.dirt":36,"stat.pickup.minecraft.red_mushroom":6,"stat.pickup.minecraft.diamond_ore":1,"stat.craftingTableInteraction":34,"stat.pickup.minecraft.iron_ore":37,"stat.mineBlock.minecraft.stone_stairs":1,"stat.damageTaken":4423,"stat.pickup.minecraft.leather":50,"stat.pickup.minecraft.feather":19,"stat.mineBlock.minecraft.torch":6,"stat.mineBlock.minecraft.furnace":2,"stat.mineBlock.minecraft.red_flower":2,"stat.useItem.minecraft.wooden_pickaxe":17,"stat.pickup.minecraft.planks":2,"stat.pickup.minecraft.reeds":7,"stat.killEntity.CaveSpider":8,"stat.pickup.minecraft.potato":51,"stat.mineBlock.minecraft.gravel":15,"stat.useItem.minecraft.stone_pickaxe":365,"stat.useItem.minecraft.stone_sword":87,"stat.craftItem.minecraft.iron_leggings":1,"stat.damageDealt":27715,"stat.sleepInBed":1,"stat.craftItem.minecraft.baked_potato":12,"stat.killEntity.Cow":31,"stat.mineBlock.minecraft.dirt":36,"stat.killEntity.Pig":18,"stat.pickup.minecraft.chainmail_boots":1,"stat.pickup.minecraft.poisonous_potato":2,"stat.craftItem.minecraft.iron_sword":2,"stat.walkOneCm":347542,"stat.useItem.minecraft.torch":41,"stat.useItem.minecraft.chest":1,"stat.pickup.minecraft.stick":2,"stat.pickup.minecraft.crafting_table":1,"stat.useItem.minecraft.cobblestone":20,"stat.craftItem.minecraft.crafting_table":5,"stat.useItem.minecraft.gravel":2,"stat.mineBlock.minecraft.double_plant":2,"stat.pickup.minecraft.log":22,"stat.craftItem.morearmor.scute_armorboots":2,"stat.pickup.minecraft.stone":38,"stat.drop.minecraft.sapling":4,"stat.pickup.minecraft.sapling":5,"stat.pickup.minecraft.apple":12,"stat.killEntity.Skeleton":18,"stat.drop.minecraft.chainmail_boots":1,"stat.craftItem.minecraft.planks":72,"stat.useItem.minecraft.iron_sword":259,"stat.killEntity.Spider":4,"stat.pickup.minecraft.stone_sword":3,"stat.pickup.minecraft.bread":9,"stat.mobKills":187,"stat.mineBlock.minecraft.log":18,"stat.useItem.minecraft.mossy_cobblestone":10,"stat.mineBlock.minecraft.leaves":18,"stat.pickup.minecraft.torch":28,"stat.pickup.minecraft.red_flower":7,"stat.sneakTime":9967,"stat.pickup.minecraft.wool":21,"stat.useItem.minecraft.baked_potato":12,"stat.pickup.minecraft.stone_slab":1,"stat.mineBlock.minecraft.stone":202,"stat.pickup.minecraft.chest":8}