{"stat.cakeSlicesEaten":12,"stat.walkOneCm":84392,"stat.pickup.minecraft.armor_stand":1,"stat.drop.minecraft.wooden_pickaxe":1,"stat.leaveGame":1,"stat.pickup.minecraft.gravel":11,"stat.mineBlock.minecraft.cobblestone":1,"stat.mineBlock.minecraft.ice":11,"stat.useItem.minecraft.cobblestone":1,"stat.pickup.minecraft.spruce_fence":1,"stat.craftItem.minecraft.crafting_table":1,"stat.pickup.minecraft.flint":2,"stat.furnaceInteraction":2,"stat.pickup.minecraft.leather_chestplate":2,"stat.mineBlock.minecraft.coal_ore":8,"stat.pickup.srparasites.lurecomponent1":2,"stat.talkedToVillager":1,"stat.pickup.minecraft.string":2,"stat.jump":516,"stat.swimOneCm":384,"stat.mineBlock.charm.barrel":1,"stat.pickup.quark.glass_shards":2,"stat.pickup.minecraft.coal":11,"stat.fallOneCm":13521,"stat.climbOneCm":1967,"stat.pickup.minecraft.beef":1,"stat.useItem.minecraft.stone_axe":14,"stat.pickup.minecraft.porkchop":1,"stat.drop.minecraft.sapling":1,"stat.crouchOneCm":8512,"stat.pickup.minecraft.glass":12,"stat.pickup.minecraft.leather_helmet":1,"stat.pickup.minecraft.sapling":2,"stat.pickup.minecraft.dirt":13,"stat.useItem.minecraft.dirt":2,"stat.sprintOneCm":57123,"stat.pickup.charm.barrel":1,"stat.useItem.minecraft.stone_slab2":4,"stat.craftItem.minecraft.stick":12,"stat.pickup.minecraft.gold_ingot":3,"stat.craftingTableInteraction":5,"stat.useItem.minecraft.glass":2,"stat.craftItem.minecraft.furnace":1,"stat.craftItem.minecraft.planks":20,"stat.craftItem.minecraft.stone_axe":3,"stat.mineBlock.minecraft.log2":5,"stat.pickup.minecraft.wooden_pickaxe":1,"stat.damageTaken":943,"stat.craftItem.minecraft.stone_pickaxe":2,"stat.useItem.minecraft.wooden_pickaxe":4,"stat.pickup.minecraft.shears":2,"stat.pickup.minecraft.cobblestone":32,"stat.mobKills":5,"stat.pickup.minecraft.book":1,"stat.pickup.srparasites.assimilated_flesh":3,"stat.pickup.minecraft.leather_leggings":1,"stat.pickup.minecraft.log2":5,"stat.pickup.minecraft.leather_boots":1,"stat.mineBlock.minecraft.spruce_fence":1,"stat.flyOneCm":140216,"stat.pickup.minecraft.bed":4,"stat.deaths":4,"stat.drop":5,"stat.pickup.minecraft.beetroot_seeds":5,"stat.mineBlock.minecraft.leaves":1,"stat.playOneMinute":20722,"stat.drop.toughasnails.ice_cube":1,"stat.pickup.minecraft.torch":1,"stat.mineBlock.minecraft.gravel":13,"stat.useItem.minecraft.stone_pickaxe":42,"stat.pickup.minecraft.clock":1,"stat.mineBlock.minecraft.glass":1,"stat.sneakTime":3050,"stat.damageDealt":875,"stat.drop.minecraft.stone_axe":2,"stat.pickup.minecraft.item_frame":10,"stat.killEntity.Zombie":1,"stat.timeSinceDeath":629,"stat.mineBlock.minecraft.dirt":13,"stat.craftItem.minecraft.wooden_pickaxe":1,"stat.mineBlock.minecraft.stone":33,"stat.mineBlock.minecraft.tallgrass":1,"stat.pickup.minecraft.mutton":2,"stat.diveOneCm":109,"stat.pickup.toughasnails.ice_cube":6}