{"stat.leaveGame":3,"stat.craftItem.minecraft.shield":1,"stat.useItem.minecraft.planks":7,"stat.pickup.minecraft.porkchop":41,"stat.pickup.minecraft.glass":9,"stat.drop.minecraft.iron_sword":1,"stat.pickup.minecraft.rotten_flesh":175,"stat.craftItem.minecraft.stone_axe":5,"stat.pickup.minecraft.wooden_hoe":2,"stat.craftItem.minecraft.stone_sword":1,"stat.craftItem.minecraft.wooden_hoe":1,"stat.useItem.minecraft.iron_pickaxe":113,"stat.craftItem.minecraft.wooden_pickaxe":1,"stat.craftItem.minecraft.bed":1,"stat.pickup.sexmod.allies_lamp":3,"stat.furnaceInteraction":46,"stat.drop.minecraft.red_flower":1,"stat.pickup.minecraft.beef":89,"stat.pickup.minecraft.furnace":4,"stat.useItem.minecraft.cooked_mutton":7,"stat.pickup.minecraft.iron_chestplate":4,"stat.pickup.minecraft.stone_stairs":1,"stat.drop.minecraft.wooden_hoe":1,"stat.pickup.minecraft.pumpkin_seeds":5,"stat.useItem.minecraft.dye":26,"stat.pickup.minecraft.bowl":2,"stat.deaths":3,"stat.playOneMinute":122276,"stat.craftItem.minecraft.iron_pickaxe":1,"stat.mineBlock.minecraft.tallgrass":15,"stat.pickup.minecraft.netherrack":2,"stat.craftItem.minecraft.cooked_mutton":13,"stat.chestOpened":47,"stat.useItem.minecraft.stone":14,"stat.mineBlock.minecraft.netherrack":1,"stat.pickup.minecraft.arrow":56,"stat.pickup.minecraft.iron_sword":3,"stat.fallOneCm":37219,"stat.pickup.minecraft.melon_seeds":9,"stat.crouchOneCm":34235,"stat.mineBlock.minecraft.chest":5,"stat.craftItem.minecraft.iron_ingot":56,"stat.craftItem.minecraft.chest":1,"stat.pickup.minecraft.red_mushroom":6,"stat.craftingTableInteraction":40,"stat.pickup.minecraft.feather":38,"stat.pickup.minecraft.planks":2,"stat.pickup.minecraft.iron_leggings":1,"stat.mineBlock.minecraft.gravel":15,"stat.useItem.minecraft.stone_pickaxe":365,"stat.useItem.minecraft.stone_sword":119,"stat.craftItem.minecraft.iron_leggings":1,"stat.mineBlock.minecraft.dirt":42,"stat.pickup.minecraft.chainmail_boots":1,"stat.pickup.minecraft.poisonous_potato":2,"stat.useItem.minecraft.torch":41,"stat.pickup.minecraft.golden_apple":1,"stat.pickup.minecraft.crafting_table":1,"stat.useItem.minecraft.cobblestone":97,"stat.craftItem.minecraft.crafting_table":5,"stat.useItem.minecraft.gravel":2,"stat.mineBlock.minecraft.double_plant":2,"stat.pickup.minecraft.log":29,"stat.craftItem.morearmor.scute_armorboots":3,"stat.craftItem.minecraft.gold_ingot":4,"stat.drop.minecraft.sapling":4,"stat.pickup.minecraft.sapling":5,"stat.pickup.minecraft.apple":23,"stat.craftItem.minecraft.planks":100,"stat.useItem.minecraft.iron_sword":259,"stat.pickup.minecraft.stone_sword":4,"stat.mineBlock.minecraft.log":25,"stat.pickup.minecraft.red_flower":7,"stat.sneakTime":11814,"stat.pickup.minecraft.wool":21,"stat.useItem.minecraft.baked_potato":12,"stat.pickup.minecraft.stone_slab":1,"stat.pickup.minecraft.chest":9,"stat.drop.minecraft.stone_pickaxe":1,"stat.cakeSlicesEaten":3,"stat.pickup.minecraft.bone":60,"stat.mineBlock.minecraft.cobblestone":9,"stat.killEntity.bee":1,"stat.pickup.minecraft.stone_pickaxe":2,"stat.pickup.minecraft.flint":1,"stat.swimOneCm":6479,"stat.pickup.minecraft.enchanted_book":1,"stat.pickup.minecraft.cooked_porkchop":7,"stat.useItem.minecraft.dirt":18,"stat.useItem.minecraft.stone_slab2":35,"stat.pickup.minecraft.bow":4,"stat.craftItem.minecraft.furnace":2,"stat.craftItem.minecraft.stone_pickaxe":3,"stat.craftItem.minecraft.cooked_beef":52,"stat.pickup.minecraft.cobblestone":202,"stat.craftItem.minecraft.bow":1,"stat.flyOneCm":326802,"stat.useItem.minecraft.cooked_beef":17,"stat.mineBlock.minecraft.iron_ore":60,"stat.timeSinceDeath":9127,"stat.pickup.minecraft.mutton":13,"stat.pickup.minecraft.mossy_cobblestone":29,"stat.pickup.morearmor.scute_armorboots":2,"stat.useItem.minecraft.potato":17,"stat.useItem.minecraft.cooked_porkchop":17,"stat.mineBlock.minecraft.coal_ore":108,"stat.killEntity.Creeper":1,"stat.pickup.minecraft.shield":1,"stat.pickup.minecraft.string":118,"stat.entityKilledBy.Skeleton":1,"stat.craftItem.minecraft.stone_slab2":0,"stat.sprintOneCm":409214,"stat.craftItem.minecraft.stick":44,"stat.mineBlock.minecraft.diamond_ore":7,"stat.mineBlock.minecraft.crafting_table":1,"stat.pickup.minecraft.spawn_egg":3,"stat.drop":8,"stat.killEntity.Sheep":12,"stat.killEntity.Zombie":94,"stat.craftItem.minecraft.dye":27,"stat.mineBlock.minecraft.gold_ore":4,"stat.diveOneCm":12239,"stat.pickup.minecraft.wheat":29,"stat.mineBlock.minecraft.mossy_cobblestone":29,"stat.pickup.minecraft.gravel":22,"stat.drop.minecraft.cooked_beef":2,"stat.craftItem.minecraft.cooked_porkchop":15,"stat.jump":1767,"stat.useItem.minecraft.wooden_hoe":7,"stat.pickup.minecraft.coal":231,"stat.pickup.minecraft.iron_helmet":2,"stat.pickup.minecraft.iron_ingot":15,"stat.useItem.minecraft.stone_axe":307,"stat.entityKilledBy.CaveSpider":1,"stat.pickup.minecraft.spider_eye":9,"stat.craftItem.minecraft.torch":32,"stat.pickup.minecraft.dirt":42,"stat.pickup.minecraft.diamond_ore":1,"stat.pickup.minecraft.iron_ore":56,"stat.pickup.minecraft.gold_ore":4,"stat.mineBlock.minecraft.stone_stairs":1,"stat.damageTaken":5585,"stat.pickup.minecraft.leather":80,"stat.mineBlock.minecraft.torch":6,"stat.mineBlock.minecraft.furnace":3,"stat.mineBlock.minecraft.red_flower":2,"stat.useItem.minecraft.wooden_pickaxe":17,"stat.pickup.minecraft.reeds":7,"stat.killEntity.CaveSpider":8,"stat.pickup.minecraft.bed":1,"stat.pickup.minecraft.potato":61,"stat.damageDealt":30253,"stat.sleepInBed":3,"stat.craftItem.minecraft.baked_potato":12,"stat.killEntity.Cow":31,"stat.killEntity.Pig":18,"stat.craftItem.minecraft.iron_sword":2,"stat.walkOneCm":411068,"stat.useItem.minecraft.chest":1,"stat.pickup.minecraft.stick":2,"stat.pickup.minecraft.stone":44,"stat.pickup.minecraft.gold_ingot":2,"stat.killEntity.Skeleton":19,"stat.drop.minecraft.chainmail_boots":1,"stat.killEntity.Spider":9,"stat.pickup.minecraft.bread":18,"stat.mobKills":200,"stat.useItem.minecraft.mossy_cobblestone":10,"stat.pickup.minecraft.diamond":7,"stat.mineBlock.minecraft.leaves":19,"stat.pickup.minecraft.torch":28,"stat.craftItem.minecraft.coal_block":8,"stat.mineBlock.minecraft.stone":217}