{"stat.drop.minecraft.stone_pickaxe":1,"stat.chestOpened":5,"stat.cakeSlicesEaten":3,"stat.mineBlock.minecraft.mossy_cobblestone":29,"stat.pickup.minecraft.bone":12,"stat.useItem.minecraft.stone":9,"stat.pickup.minecraft.gravel":10,"stat.pickup.minecraft.arrow":8,"stat.pickup.minecraft.iron_sword":1,"stat.mineBlock.minecraft.cobblestone":3,"stat.drop.minecraft.cooked_beef":2,"stat.craftItem.minecraft.cooked_porkchop":6,"stat.pickup.minecraft.flint":1,"stat.jump":737,"stat.swimOneCm":247,"stat.useItem.minecraft.wooden_hoe":7,"stat.pickup.minecraft.coal":68,"stat.pickup.minecraft.iron_helmet":1,"stat.fallOneCm":19247,"stat.pickup.minecraft.iron_ingot":1,"stat.craftItem.minecraft.shield":1,"stat.useItem.minecraft.planks":6,"stat.useItem.minecraft.stone_axe":273,"stat.pickup.minecraft.porkchop":29,"stat.crouchOneCm":13039,"stat.mineBlock.minecraft.chest":4,"stat.pickup.minecraft.spider_eye":4,"stat.craftItem.minecraft.torch":8,"stat.craftItem.minecraft.iron_ingot":8,"stat.pickup.minecraft.dirt":17,"stat.useItem.minecraft.stone_slab2":15,"stat.pickup.minecraft.bow":1,"stat.craftingTableInteraction":22,"stat.pickup.minecraft.iron_ore":8,"stat.pickup.minecraft.rotten_flesh":68,"stat.craftItem.minecraft.furnace":1,"stat.craftItem.minecraft.stone_axe":4,"stat.mineBlock.minecraft.stone_stairs":1,"stat.damageTaken":2560,"stat.pickup.minecraft.leather":16,"stat.craftItem.minecraft.stone_pickaxe":3,"stat.mineBlock.minecraft.torch":4,"stat.mineBlock.minecraft.furnace":1,"stat.useItem.minecraft.wooden_pickaxe":17,"stat.craftItem.minecraft.cooked_beef":23,"stat.pickup.minecraft.cobblestone":87,"stat.pickup.minecraft.wooden_hoe":2,"stat.pickup.minecraft.reeds":7,"stat.craftItem.minecraft.stone_sword":1,"stat.killEntity.CaveSpider":4,"stat.flyOneCm":144277,"stat.pickup.minecraft.potato":31,"stat.mineBlock.minecraft.gravel":11,"stat.useItem.minecraft.stone_pickaxe":207,"stat.useItem.minecraft.cooked_beef":17,"stat.craftItem.minecraft.wooden_hoe":1,"stat.useItem.minecraft.stone_sword":80,"stat.damageDealt":18153,"stat.mineBlock.minecraft.iron_ore":8,"stat.timeSinceDeath":46671,"stat.craftItem.minecraft.baked_potato":12,"stat.killEntity.Cow":12,"stat.mineBlock.minecraft.dirt":17,"stat.craftItem.minecraft.wooden_pickaxe":1,"stat.killEntity.Pig":15,"stat.pickup.minecraft.chainmail_boots":1,"stat.pickup.minecraft.poisonous_potato":1,"stat.craftItem.minecraft.iron_sword":1,"stat.pickup.minecraft.mossy_cobblestone":29,"stat.walkOneCm":190118,"stat.useItem.minecraft.torch":7,"stat.pickup.morearmor.scute_armorboots":1,"stat.useItem.minecraft.potato":17,"stat.useItem.minecraft.cobblestone":9,"stat.craftItem.minecraft.crafting_table":1,"stat.furnaceInteraction":19,"stat.useItem.minecraft.gravel":2,"stat.useItem.minecraft.cooked_porkchop":4,"stat.mineBlock.minecraft.coal_ore":44,"stat.killEntity.Creeper":1,"stat.pickup.minecraft.log":13,"stat.pickup.minecraft.string":23,"stat.craftItem.morearmor.scute_armorboots":1,"stat.pickup.minecraft.beef":24,"stat.pickup.minecraft.furnace":1,"stat.craftItem.minecraft.stone_slab2":0,"stat.pickup.minecraft.stone":15,"stat.pickup.minecraft.sapling":1,"stat.sprintOneCm":164523,"stat.pickup.minecraft.iron_chestplate":1,"stat.pickup.minecraft.apple":1,"stat.craftItem.minecraft.stick":24,"stat.killEntity.Skeleton":7,"stat.drop.minecraft.chainmail_boots":1,"stat.craftItem.minecraft.planks":36,"stat.pickup.minecraft.stone_stairs":1,"stat.useItem.minecraft.iron_sword":92,"stat.drop.minecraft.wooden_hoe":1,"stat.killEntity.Spider":3,"stat.pickup.minecraft.stone_sword":1,"stat.mobKills":117,"stat.useItem.minecraft.dye":26,"stat.mineBlock.minecraft.log":13,"stat.pickup.minecraft.bowl":2,"stat.useItem.minecraft.mossy_cobblestone":10,"stat.drop":5,"stat.playOneMinute":46671,"stat.pickup.minecraft.torch":4,"stat.pickup.minecraft.red_flower":4,"stat.sneakTime":6346,"stat.pickup.minecraft.wool":2,"stat.killEntity.Zombie":75,"stat.useItem.minecraft.baked_potato":12,"stat.craftItem.minecraft.dye":27,"stat.mineBlock.minecraft.stone":103,"stat.mineBlock.minecraft.tallgrass":15,"stat.pickup.minecraft.chest":4}