{"stat.leaveGame":6,"stat.craftItem.minecraft.iron_axe":2,"stat.pickup.minecraft.fishing_rod":8,"stat.craftItem.minecraft.shield":1,"stat.useItem.minecraft.planks":48,"stat.mineBlock.minecraft.web":2,"stat.pickup.minecraft.glowstone_dust":10,"stat.pickup.minecraft.porkchop":64,"stat.pickup.minecraft.glass":40,"stat.drop.minecraft.iron_sword":2,"stat.pickup.minecraft.rotten_flesh":365,"stat.pickup.minecraft.sand":16,"stat.entityKilledBy.Spider":1,"stat.craftItem.minecraft.stone_axe":5,"stat.pickup.minecraft.name_tag":6,"stat.pickup.minecraft.bucket":4,"stat.pickup.minecraft.wooden_hoe":2,"stat.pickup.minecraft.leather_boots":1,"stat.craftItem.minecraft.stone_sword":1,"stat.pickup.minecraft.chainmail_chestplate":4,"stat.pickup.minecraft.brown_mushroom":12,"stat.mineBlock.minecraft.sand":8,"stat.killEntity.Witch":1,"stat.craftItem.minecraft.wooden_hoe":1,"stat.useItem.minecraft.iron_pickaxe":316,"stat.craftItem.minecraft.wooden_pickaxe":1,"stat.craftItem.minecraft.bed":1,"stat.pickup.sexmod.allies_lamp":7,"stat.furnaceInteraction":67,"stat.drop.minecraft.red_flower":1,"stat.pickup.minecraft.beef":98,"stat.pickup.minecraft.furnace":5,"stat.useItem.minecraft.cooked_mutton":13,"stat.craftItem.travelersbackpack.travelers_backpack":1,"stat.pickup.minecraft.iron_chestplate":6,"stat.pickup.minecraft.stone_stairs":1,"stat.pickup.minecraft.potion":3,"stat.drop.minecraft.wooden_hoe":1,"stat.pickup.minecraft.pumpkin_seeds":24,"stat.pickup.minecraft.saddle":5,"stat.useItem.minecraft.dye":26,"stat.mineBlock.minecraft.soul_sand":2,"stat.pickup.minecraft.bowl":17,"stat.deaths":12,"stat.pickup.minecraft.egg":4,"stat.playOneMinute":292239,"stat.craftItem.minecraft.iron_pickaxe":2,"stat.mineBlock.minecraft.tallgrass":25,"stat.pickup.minecraft.netherrack":25,"stat.craftItem.minecraft.cooked_mutton":13,"stat.chestOpened":139,"stat.pickup.minecraft.pumpkin":4,"stat.useItem.minecraft.stone":14,"stat.mineBlock.minecraft.netherrack":8,"stat.pickup.minecraft.arrow":93,"stat.pickup.minecraft.iron_sword":15,"stat.pickup.minecraft.waterlily":17,"stat.fallOneCm":86515,"stat.pickup.minecraft.melon_seeds":23,"stat.crouchOneCm":56619,"stat.mineBlock.minecraft.chest":70,"stat.craftItem.minecraft.diamond":9,"stat.pickup.minecraft.rail":3,"stat.craftItem.minecraft.iron_ingot":56,"stat.craftItem.minecraft.chest":4,"stat.pickup.minecraft.red_mushroom":26,"stat.useItem.minecraft.iron_hoe":7,"stat.craftingTableInteraction":70,"stat.pickup.minecraft.feather":92,"stat.pickup.minecraft.record_cat":3,"stat.pickup.minecraft.dye":6,"stat.pickup.minecraft.planks":51,"stat.pickup.minecraft.iron_leggings":2,"stat.pickup.minecraft.wheat_seeds":164,"stat.pickup.minecraft.lead":11,"stat.mineBlock.minecraft.gravel":18,"stat.useItem.minecraft.stone_pickaxe":365,"stat.useItem.minecraft.stone_sword":119,"stat.craftItem.minecraft.iron_leggings":1,"stat.mineBlock.minecraft.dirt":79,"stat.pickup.minecraft.chainmail_boots":7,"stat.pickup.minecraft.poisonous_potato":2,"stat.useItem.minecraft.torch":56,"stat.useItem.minecraft.bread":2,"stat.pickup.minecraft.brewing_stand":3,"stat.pickup.minecraft.golden_apple":4,"stat.pickup.minecraft.crafting_table":2,"stat.useItem.minecraft.log":1,"stat.useItem.minecraft.cobblestone":143,"stat.craftItem.minecraft.crafting_table":9,"stat.useItem.minecraft.gravel":3,"stat.mineBlock.minecraft.double_plant":3,"stat.pickup.minecraft.iron_hoe":6,"stat.pickup.minecraft.log":431,"stat.craftItem.morearmor.scute_armorboots":5,"stat.pickup.minecraft.iron_pickaxe":3,"stat.craftItem.minecraft.gold_ingot":4,"stat.drop.minecraft.sapling":4,"stat.pickup.minecraft.chicken":4,"stat.pickup.minecraft.chainmail_leggings":2,"stat.pickup.minecraft.sapling":39,"stat.pickup.minecraft.apple":33,"stat.pickup.minecraft.beetroot":4,"stat.pickup.minecraft.coal_block":7,"stat.craftItem.minecraft.planks":172,"stat.useItem.minecraft.iron_sword":624,"stat.pickup.minecraft.stone_sword":4,"stat.mineBlock.minecraft.log":141,"stat.pickup.minecraft.red_flower":11,"stat.sneakTime":17258,"stat.pickup.minecraft.wool":34,"stat.useItem.minecraft.baked_potato":12,"stat.pickup.minecraft.cooked_fish":1,"stat.pickup.minecraft.stone_slab":7,"stat.pickup.minecraft.yellow_flower":1,"stat.pickup.minecraft.chest":75,"stat.drop.minecraft.stone_pickaxe":1,"stat.cakeSlicesEaten":4,"stat.pickup.minecraft.bone":219,"stat.pickup.minecraft.bookshelf":13,"stat.useItem.minecraft.iron_axe":199,"stat.mineBlock.minecraft.cobblestone":11,"stat.killEntity.bee":1,"stat.pickup.minecraft.stone_pickaxe":11,"stat.pickup.minecraft.flint":1,"stat.craftItem.minecraft.wool":2,"stat.mineBlock.minecraft.stained_glass_pane":4,"stat.swimOneCm":24728,"stat.pickup.minecraft.enchanted_book":6,"stat.drop.minecraft.cobblestone":2,"stat.pickup.minecraft.cooked_porkchop":55,"stat.drop.minecraft.brown_mushroom":1,"stat.useItem.minecraft.dirt":19,"stat.useItem.minecraft.stone_slab2":55,"stat.pickup.minecraft.bow":8,"stat.pickup.minecraft.iron_boots":3,"stat.pickup.minecraft.diamond_horse_armor":2,"stat.craftItem.minecraft.furnace":3,"stat.craftItem.minecraft.stone_pickaxe":3,"stat.craftItem.minecraft.cooked_beef":52,"stat.pickup.minecraft.cobblestone":270,"stat.craftItem.minecraft.bow":1,"stat.flyOneCm":1286751,"stat.pickup.minecraft.clay":10,"stat.pickup.minecraft.soul_sand":9,"stat.pickup.minecraft.glass_bottle":2,"stat.pickup.minecraft.fish":10,"stat.useItem.minecraft.cooked_beef":66,"stat.pickup.minecraft.redstone":68,"stat.mineBlock.minecraft.iron_ore":65,"stat.timeSinceDeath":103923,"stat.drop.minecraft.log":1,"stat.pickup.minecraft.mutton":24,"stat.pickup.minecraft.mossy_cobblestone":29,"stat.pickup.travelersbackpack.travelers_backpack":3,"stat.pickup.morearmor.scute_armorboots":5,"stat.useItem.minecraft.potato":20,"stat.pickup.minecraft.chainmail_helmet":2,"stat.pickup.aether_legacy.iron_ring":2,"stat.pickup.minecraft.redstone_lamp":11,"stat.drop.minecraft.dirt":13,"stat.useItem.minecraft.cooked_porkchop":17,"stat.pickup.minecraft.iron_shovel":2,"stat.mineBlock.minecraft.coal_ore":108,"stat.pickup.sexmod.galath_coin":2,"stat.killEntity.Creeper":5,"stat.pickup.minecraft.shield":1,"stat.pickup.minecraft.string":287,"stat.entityKilledBy.Skeleton":4,"stat.craftItem.minecraft.stone_slab2":0,"stat.sprintOneCm":837370,"stat.pickup.minecraft.paper":4,"stat.mineBlock.minecraft.stone_slab":5,"stat.craftItem.minecraft.stick":52,"stat.mineBlock.minecraft.diamond_ore":8,"stat.mineBlock.minecraft.crafting_table":2,"stat.pickup.minecraft.golden_horse_armor":2,"stat.pickup.minecraft.leather_leggings":6,"stat.pickup.minecraft.spawn_egg":3,"stat.drop":16,"stat.pickup.minecraft.stone_button":14,"stat.killEntity.Sheep":15,"stat.killEntity.Zombie":175,"stat.craftItem.minecraft.dye":31,"stat.drop.minecraft.bread":4,"stat.mineBlock.minecraft.gold_ore":4,"stat.diveOneCm":21174,"stat.pickup.minecraft.wheat":56,"stat.mineBlock.minecraft.mossy_cobblestone":29,"stat.pickup.minecraft.sign":6,"stat.pickup.minecraft.gravel":26,"stat.drop.minecraft.cooked_beef":2,"stat.craftItem.minecraft.cooked_porkchop":21,"stat.pickup.minecraft.stone_axe":3,"stat.useItem.minecraft.rotten_flesh":1,"stat.craftItem.travelersbackpack.backpack_tank":2,"stat.jump":4083,"stat.useItem.minecraft.wooden_hoe":7,"stat.pickup.minecraft.coal":294,"stat.pickup.minecraft.iron_helmet":3,"stat.pickup.minecraft.iron_ingot":100,"stat.useItem.minecraft.stone_axe":348,"stat.entityKilledBy.CaveSpider":3,"stat.pickup.minecraft.gunpowder":76,"stat.pickup.minecraft.spider_eye":17,"stat.craftItem.minecraft.torch":32,"stat.pickup.minecraft.dirt":77,"stat.pickup.minecraft.diamond_ore":1,"stat.pickup.minecraft.iron_ore":61,"stat.pickup.minecraft.gold_ore":4,"stat.pickup.minecraft.iron_axe":1,"stat.mineBlock.minecraft.stone_stairs":1,"stat.damageTaken":14868,"stat.pickup.minecraft.leather":123,"stat.mineBlock.minecraft.torch":6,"stat.mineBlock.minecraft.furnace":4,"stat.mineBlock.minecraft.red_flower":7,"stat.pickup.minecraft.written_book":1,"stat.useItem.minecraft.wooden_pickaxe":17,"stat.pickup.minecraft.reeds":73,"stat.killEntity.CaveSpider":17,"stat.pickup.minecraft.bed":2,"stat.pickup.minecraft.potato":81,"stat.entityKilledBy.Zombie":2,"stat.damageDealt":52660,"stat.craftItem.minecraft.glass":8,"stat.sleepInBed":4,"stat.craftItem.minecraft.baked_potato":12,"stat.killEntity.Cow":34,"stat.pickup.minecraft.minecart":1,"stat.killEntity.Pig":24,"stat.craftItem.minecraft.iron_sword":4,"stat.walkOneCm":922459,"stat.useItem.minecraft.chest":5,"stat.pickup.minecraft.stick":108,"stat.pickup.minecraft.stone":44,"stat.pickup.minecraft.ender_pearl":4,"stat.pickup.minecraft.cooked_beef":46,"stat.pickup.minecraft.gold_ingot":91,"stat.killEntity.Skeleton":30,"stat.craftItem.travelersbackpack.sleeping_bag_bottom":1,"stat.drop.minecraft.chainmail_boots":1,"stat.killEntity.Chicken":2,"stat.pickup.travelersbackpack.backpack_tank":1,"stat.killEntity.Spider":13,"stat.pickup.minecraft.bread":34,"stat.mobKills":334,"stat.useItem.minecraft.golden_apple":1,"stat.useItem.minecraft.mossy_cobblestone":10,"stat.pickup.minecraft.water_bucket":3,"stat.pickup.minecraft.diamond":29,"stat.mineBlock.minecraft.leaves":61,"stat.pickup.minecraft.beetroot_seeds":29,"stat.pickup.minecraft.iron_horse_armor":2,"stat.pickup.minecraft.torch":82,"stat.craftItem.minecraft.coal_block":8,"stat.drop.minecraft.beef":2,"stat.mineBlock.minecraft.stone":288}