{"stat.pickup.minecraft.bone":1,"stat.leaveGame":2,"stat.pickup.minecraft.arrow":1,"stat.mineBlock.srparasites.gore":3,"stat.useItem.minecraft.mutton":2,"stat.jump":596,"stat.swimOneCm":5586,"stat.pickup.minecraft.coal":13,"stat.fallOneCm":17579,"stat.crouchOneCm":2386,"stat.useItem.minecraft.stone_slab2":2,"stat.craftingTableInteraction":4,"stat.pickup.minecraft.iron_ore":12,"stat.useItem.minecraft.egg":1,"stat.damageTaken":430,"stat.craftItem.minecraft.stone_pickaxe":1,"stat.useItem.minecraft.wooden_pickaxe":3,"stat.pickup.minecraft.cobblestone":11,"stat.pickup.srparasites.assimilated_flesh":1,"stat.flyOneCm":143146,"stat.pickup.minecraft.wheat_seeds":1,"stat.pickup.toughasnails.wool_helmet":1,"stat.useItem.minecraft.stone_pickaxe":27,"stat.damageDealt":422,"stat.mineBlock.minecraft.iron_ore":6,"stat.timeSinceDeath":336,"stat.craftItem.minecraft.wooden_pickaxe":1,"stat.pickup.minecraft.mutton":3,"stat.walkOneCm":56125,"stat.craftItem.minecraft.crafting_table":2,"stat.mineBlock.minecraft.coal_ore":13,"stat.pickup.minecraft.log":6,"stat.entityKilledBy.Skeleton":1,"stat.drop.minecraft.sapling":1,"stat.pickup.minecraft.sapling":2,"stat.sprintOneCm":62143,"stat.craftItem.minecraft.stick":8,"stat.craftItem.minecraft.wooden_axe":1,"stat.pickup.srparasites.bone":1,"stat.pickup.toughasnails.wool_boots":1,"stat.craftItem.minecraft.planks":24,"stat.mobKills":3,"stat.mineBlock.minecraft.log":6,"stat.deaths":2,"stat.drop":1,"stat.mineBlock.minecraft.leaves":8,"stat.pickup.minecraft.egg":1,"stat.playOneMinute":21737,"stat.killEntity.Sheep":2,"stat.sneakTime":1347,"stat.mineBlock.minecraft.stone":11,"stat.mineBlock.minecraft.tallgrass":20,"stat.diveOneCm":3979}