{"stat.drop.minecraft.stone_pickaxe":1,"stat.chestOpened":3,"stat.mineBlock.minecraft.mossy_cobblestone":26,"stat.pickup.minecraft.bone":9,"stat.useItem.minecraft.stone":9,"stat.pickup.minecraft.gravel":8,"stat.pickup.minecraft.arrow":6,"stat.mineBlock.minecraft.cobblestone":2,"stat.drop.minecraft.cooked_beef":2,"stat.craftItem.minecraft.cooked_porkchop":1,"stat.pickup.minecraft.flint":1,"stat.jump":482,"stat.swimOneCm":247,"stat.useItem.minecraft.wooden_hoe":7,"stat.pickup.minecraft.coal":35,"stat.fallOneCm":12123,"stat.pickup.minecraft.iron_ingot":1,"stat.craftItem.minecraft.shield":1,"stat.useItem.minecraft.stone_axe":273,"stat.pickup.minecraft.porkchop":1,"stat.crouchOneCm":11631,"stat.mineBlock.minecraft.chest":4,"stat.craftItem.minecraft.torch":8,"stat.craftItem.minecraft.iron_ingot":1,"stat.pickup.minecraft.dirt":17,"stat.useItem.minecraft.stone_slab2":12,"stat.pickup.minecraft.bow":1,"stat.craftingTableInteraction":17,"stat.pickup.minecraft.iron_ore":8,"stat.pickup.minecraft.rotten_flesh":51,"stat.craftItem.minecraft.furnace":1,"stat.craftItem.minecraft.stone_axe":4,"stat.mineBlock.minecraft.stone_stairs":1,"stat.damageTaken":1979,"stat.pickup.minecraft.leather":16,"stat.craftItem.minecraft.stone_pickaxe":3,"stat.useItem.minecraft.wooden_pickaxe":17,"stat.craftItem.minecraft.cooked_beef":23,"stat.pickup.minecraft.cobblestone":86,"stat.pickup.minecraft.wooden_hoe":1,"stat.craftItem.minecraft.stone_sword":1,"stat.flyOneCm":85950,"stat.pickup.minecraft.potato":31,"stat.mineBlock.minecraft.gravel":9,"stat.useItem.minecraft.stone_pickaxe":179,"stat.useItem.minecraft.cooked_beef":17,"stat.craftItem.minecraft.wooden_hoe":1,"stat.useItem.minecraft.stone_sword":80,"stat.damageDealt":13808,"stat.mineBlock.minecraft.iron_ore":8,"stat.timeSinceDeath":34071,"stat.craftItem.minecraft.baked_potato":12,"stat.killEntity.Cow":12,"stat.mineBlock.minecraft.dirt":17,"stat.craftItem.minecraft.wooden_pickaxe":1,"stat.killEntity.Pig":1,"stat.pickup.minecraft.chainmail_boots":1,"stat.pickup.minecraft.poisonous_potato":1,"stat.pickup.minecraft.mossy_cobblestone":26,"stat.walkOneCm":134459,"stat.useItem.minecraft.torch":7,"stat.pickup.morearmor.scute_armorboots":1,"stat.useItem.minecraft.potato":17,"stat.craftItem.minecraft.crafting_table":1,"stat.furnaceInteraction":11,"stat.useItem.minecraft.gravel":2,"stat.useItem.minecraft.cooked_porkchop":1,"stat.mineBlock.minecraft.coal_ore":26,"stat.killEntity.Creeper":1,"stat.pickup.minecraft.log":13,"stat.pickup.minecraft.string":16,"stat.craftItem.morearmor.scute_armorboots":1,"stat.pickup.minecraft.beef":24,"stat.craftItem.minecraft.stone_slab2":0,"stat.pickup.minecraft.stone":13,"stat.pickup.minecraft.sapling":1,"stat.sprintOneCm":116835,"stat.pickup.minecraft.iron_chestplate":1,"stat.pickup.minecraft.apple":1,"stat.craftItem.minecraft.stick":24,"stat.killEntity.Skeleton":5,"stat.craftItem.minecraft.planks":36,"stat.pickup.minecraft.stone_stairs":1,"stat.drop.minecraft.wooden_hoe":1,"stat.killEntity.Spider":2,"stat.mobKills":81,"stat.useItem.minecraft.dye":26,"stat.mineBlock.minecraft.log":13,"stat.pickup.minecraft.bowl":2,"stat.useItem.minecraft.mossy_cobblestone":9,"stat.drop":4,"stat.playOneMinute":34071,"stat.pickup.minecraft.red_flower":4,"stat.sneakTime":5850,"stat.pickup.minecraft.wool":2,"stat.killEntity.Zombie":61,"stat.useItem.minecraft.baked_potato":4,"stat.craftItem.minecraft.dye":27,"stat.mineBlock.minecraft.stone":101,"stat.mineBlock.minecraft.tallgrass":8,"stat.pickup.minecraft.chest":4}