{"stat.leaveGame":8,"stat.craftItem.minecraft.iron_axe":2,"stat.killEntity.Blaze":8,"stat.killEntity.PigZombie":10,"stat.pickup.minecraft.fishing_rod":11,"stat.craftItem.minecraft.shield":2,"stat.useItem.minecraft.planks":48,"stat.mineBlock.minecraft.web":4,"stat.killEntity.ellie":1,"stat.pickup.minecraft.glowstone_dust":10,"stat.pickup.minecraft.porkchop":72,"stat.pickup.minecraft.glass":103,"stat.drop.minecraft.iron_sword":2,"stat.pickup.minecraft.rotten_flesh":444,"stat.mineBlock.minecraft.nether_brick_fence":2,"stat.pickup.minecraft.sand":16,"stat.entityKilledBy.Spider":1,"stat.craftItem.minecraft.stone_axe":5,"stat.pickup.minecraft.name_tag":12,"stat.pickup.minecraft.bucket":8,"stat.killEntity.Enderman":1,"stat.pickup.minecraft.wooden_hoe":2,"stat.pickup.minecraft.leather_boots":1,"stat.craftItem.minecraft.stone_sword":1,"stat.pickup.minecraft.chainmail_chestplate":7,"stat.pickup.minecraft.brown_mushroom":19,"stat.mineBlock.minecraft.sand":8,"stat.killEntity.Witch":1,"stat.craftItem.minecraft.wooden_hoe":1,"stat.drop.minecraft.gold_ingot":4,"stat.pickup.aether_legacy.agility_cape":1,"stat.useItem.minecraft.iron_pickaxe":656,"stat.craftItem.minecraft.wooden_pickaxe":1,"stat.craftItem.minecraft.bed":1,"stat.pickup.sexmod.allies_lamp":11,"stat.furnaceInteraction":77,"stat.drop.minecraft.red_flower":1,"stat.pickup.minecraft.beef":110,"stat.pickup.minecraft.furnace":5,"stat.useItem.minecraft.cooked_mutton":13,"stat.craftItem.travelersbackpack.travelers_backpack":1,"stat.pickup.minecraft.iron_chestplate":8,"stat.pickup.minecraft.skull":1,"stat.pickup.minecraft.stone_stairs":1,"stat.pickup.minecraft.potion":4,"stat.drop.minecraft.wooden_hoe":1,"stat.pickup.minecraft.pumpkin_seeds":37,"stat.pickup.minecraft.saddle":10,"stat.useItem.minecraft.dye":26,"stat.mineBlock.minecraft.soul_sand":12,"stat.pickup.minecraft.bowl":24,"stat.deaths":12,"stat.pickup.minecraft.egg":7,"stat.playOneMinute":394651,"stat.pickup.minecraft.blaze_rod":10,"stat.craftItem.minecraft.iron_pickaxe":4,"stat.pickup.aether_legacy.valkyrie_gloves":1,"stat.mineBlock.minecraft.tallgrass":31,"stat.pickup.minecraft.netherrack":197,"stat.craftItem.minecraft.cooked_mutton":13,"stat.fishCaught":11,"stat.chestOpened":241,"stat.pickup.minecraft.pumpkin":4,"stat.useItem.minecraft.stone":14,"stat.mineBlock.minecraft.netherrack":199,"stat.pickup.minecraft.arrow":151,"stat.pickup.minecraft.iron_sword":18,"stat.pickup.minecraft.waterlily":34,"stat.pickup.minecraft.gold_nugget":5,"stat.fallOneCm":90042,"stat.pickup.minecraft.melon_seeds":45,"stat.crouchOneCm":63663,"stat.mineBlock.minecraft.chest":89,"stat.craftItem.minecraft.diamond":9,"stat.pickup.minecraft.rail":3,"stat.craftItem.minecraft.iron_ingot":56,"stat.craftItem.minecraft.chest":4,"stat.pickup.minecraft.red_mushroom":34,"stat.useItem.minecraft.iron_hoe":7,"stat.craftingTableInteraction":76,"stat.pickup.minecraft.nether_brick_fence":2,"stat.pickup.minecraft.feather":236,"stat.drop.minecraft.iron_leggings":1,"stat.pickup.minecraft.record_cat":4,"stat.pickup.minecraft.dye":12,"stat.pickup.minecraft.planks":81,"stat.pickup.minecraft.iron_leggings":3,"stat.pickup.minecraft.wheat_seeds":225,"stat.pickup.minecraft.lead":12,"stat.mineBlock.minecraft.gravel":18,"stat.useItem.minecraft.stone_pickaxe":365,"stat.useItem.minecraft.stone_sword":119,"stat.craftItem.minecraft.iron_leggings":2,"stat.mineBlock.minecraft.dirt":88,"stat.pickup.minecraft.chainmail_boots":9,"stat.pickup.minecraft.poisonous_potato":2,"stat.useItem.minecraft.torch":58,"stat.useItem.minecraft.bread":12,"stat.pickup.minecraft.brewing_stand":7,"stat.pickup.minecraft.golden_apple":7,"stat.pickup.minecraft.crafting_table":2,"stat.useItem.minecraft.log":1,"stat.useItem.minecraft.cobblestone":159,"stat.craftItem.minecraft.crafting_table":10,"stat.useItem.minecraft.gravel":3,"stat.mineBlock.minecraft.double_plant":4,"stat.pickup.minecraft.iron_hoe":8,"stat.pickup.minecraft.log":481,"stat.craftItem.morearmor.scute_armorboots":5,"stat.pickup.minecraft.iron_pickaxe":4,"stat.craftItem.minecraft.gold_ingot":4,"stat.drop.minecraft.planks":1,"stat.drop.minecraft.sapling":4,"stat.pickup.minecraft.chicken":6,"stat.pickup.minecraft.chainmail_leggings":5,"stat.pickup.minecraft.sapling":75,"stat.pickup.minecraft.apple":55,"stat.pickup.minecraft.beetroot":4,"stat.pickup.minecraft.coal_block":7,"stat.drop.minecraft.fish":3,"stat.craftItem.minecraft.planks":172,"stat.useItem.minecraft.iron_sword":980,"stat.killEntity.WitherSkeleton":9,"stat.pickup.minecraft.stone_sword":4,"stat.mineBlock.minecraft.log":141,"stat.craftItem.minecraft.wooden_door":3,"stat.pickup.minecraft.golden_sword":2,"stat.useItem.minecraft.wooden_door":1,"stat.pickup.minecraft.red_flower":11,"stat.sneakTime":19320,"stat.pickup.minecraft.wool":58,"stat.useItem.minecraft.baked_potato":12,"stat.pickup.minecraft.cooked_fish":1,"stat.pickup.minecraft.stone_slab":89,"stat.pickup.minecraft.yellow_flower":1,"stat.useItem.minecraft.fishing_rod":20,"stat.pickup.minecraft.chest":140,"stat.drop.minecraft.stone_pickaxe":1,"stat.cakeSlicesEaten":9,"stat.pickup.minecraft.bone":345,"stat.pickup.minecraft.bookshelf":27,"stat.useItem.minecraft.iron_axe":227,"stat.mineBlock.minecraft.cobblestone":15,"stat.killEntity.bee":1,"stat.pickup.minecraft.stone_pickaxe":12,"stat.pickup.minecraft.flint":1,"stat.mineBlock.minecraft.concrete":4,"stat.craftItem.minecraft.wool":2,"stat.mineBlock.minecraft.stained_glass_pane":4,"stat.swimOneCm":37648,"stat.pickup.minecraft.enchanted_book":16,"stat.climbOneCm":821,"stat.drop.minecraft.cobblestone":2,"stat.pickup.spartanshields.shield_basic_iron":2,"stat.pickup.minecraft.cooked_porkchop":81,"stat.drop.minecraft.brown_mushroom":1,"stat.useItem.minecraft.dirt":24,"stat.useItem.minecraft.cookie":6,"stat.useItem.minecraft.stone_slab2":63,"stat.pickup.minecraft.bow":12,"stat.pickup.minecraft.iron_boots":3,"stat.pickup.minecraft.diamond_horse_armor":4,"stat.craftItem.minecraft.furnace":3,"stat.drop.minecraft.ender_pearl":1,"stat.craftItem.minecraft.stone_pickaxe":3,"stat.craftItem.minecraft.cooked_beef":64,"stat.pickup.minecraft.cobblestone":400,"stat.craftItem.minecraft.bow":3,"stat.flyOneCm":2185608,"stat.pickup.minecraft.clay":10,"stat.pickup.minecraft.soul_sand":29,"stat.pickup.minecraft.glass_bottle":2,"stat.pickup.minecraft.fish":36,"stat.useItem.minecraft.cooked_beef":104,"stat.pickup.minecraft.redstone":134,"stat.mineBlock.minecraft.iron_ore":65,"stat.timeSinceDeath":206335,"stat.pickup.aether_legacy.ice_pendant":1,"stat.drop.minecraft.log":1,"stat.pickup.cloudboots.cloud_boots":1,"stat.pickup.minecraft.mutton":29,"stat.pickup.aether_legacy.ice_ring":1,"stat.pickup.minecraft.mossy_cobblestone":29,"stat.pickup.travelersbackpack.travelers_backpack":4,"stat.pickup.morearmor.scute_armorboots":6,"stat.useItem.minecraft.potato":20,"stat.pickup.minecraft.chainmail_helmet":5,"stat.pickup.minecraft.nether_wart":57,"stat.pickup.aether_legacy.iron_ring":2,"stat.pickup.minecraft.redstone_lamp":27,"stat.drop.minecraft.dirt":13,"stat.useItem.minecraft.cooked_porkchop":19,"stat.pickup.minecraft.iron_shovel":2,"stat.mineBlock.minecraft.coal_ore":108,"stat.drop.minecraft.wool":1,"stat.pickup.sexmod.galath_coin":2,"stat.killEntity.Creeper":5,"stat.pickup.minecraft.shield":1,"stat.pickup.minecraft.string":484,"stat.entityKilledBy.Skeleton":4,"stat.craftItem.minecraft.stone_slab2":0,"stat.sprintOneCm":1096551,"stat.pickup.minecraft.paper":4,"stat.mineBlock.minecraft.stone_slab":26,"stat.craftItem.minecraft.stick":52,"stat.mineBlock.minecraft.diamond_ore":8,"stat.mineBlock.minecraft.crafting_table":2,"stat.pickup.minecraft.golden_horse_armor":4,"stat.drop.minecraft.golden_apple":1,"stat.pickup.minecraft.leather_leggings":6,"stat.pickup.minecraft.spawn_egg":3,"stat.mineBlock.minecraft.planks":3,"stat.drop":29,"stat.pickup.minecraft.stone_button":18,"stat.killEntity.Sheep":18,"stat.pickup.minecraft.slime_ball":2,"stat.craftItem.minecraft.diamond_pickaxe":1,"stat.pickup.minecraft.golden_chestplate":1,"stat.killEntity.Zombie":198,"stat.craftItem.minecraft.dye":31,"stat.drop.minecraft.bread":4,"stat.mineBlock.minecraft.gold_ore":4,"stat.diveOneCm":27521,"stat.pickup.minecraft.wheat":92,"stat.mineBlock.minecraft.mossy_cobblestone":29,"stat.pickup.minecraft.sign":6,"stat.pickup.minecraft.gravel":26,"stat.drop.minecraft.cooked_beef":2,"stat.craftItem.minecraft.cooked_porkchop":33,"stat.pickup.minecraft.stone_axe":5,"stat.useItem.minecraft.rotten_flesh":1,"stat.craftItem.travelersbackpack.backpack_tank":2,"stat.jump":5561,"stat.useItem.minecraft.wooden_hoe":7,"stat.pickup.minecraft.coal":385,"stat.pickup.minecraft.iron_helmet":6,"stat.pickup.minecraft.iron_ingot":203,"stat.useItem.minecraft.stone_axe":348,"stat.entityKilledBy.CaveSpider":3,"stat.pickup.minecraft.gunpowder":149,"stat.pickup.minecraft.spider_eye":32,"stat.craftItem.minecraft.torch":32,"stat.pickup.minecraft.dirt":214,"stat.pickup.minecraft.diamond_ore":1,"stat.pickup.minecraft.iron_ore":63,"stat.pickup.minecraft.gold_ore":4,"stat.pickup.minecraft.iron_axe":2,"stat.pickup.minecraft.cookie":6,"stat.mineBlock.minecraft.stone_stairs":1,"stat.damageTaken":19464,"stat.pickup.minecraft.leather":163,"stat.mineBlock.minecraft.torch":6,"stat.mineBlock.minecraft.furnace":4,"stat.mineBlock.minecraft.red_flower":7,"stat.pickup.minecraft.written_book":1,"stat.useItem.minecraft.wooden_pickaxe":17,"stat.pickup.minecraft.reeds":132,"stat.killEntity.CaveSpider":29,"stat.pickup.minecraft.bed":4,"stat.pickup.minecraft.concrete":4,"stat.pickup.minecraft.potato":86,"stat.entityKilledBy.Zombie":2,"stat.damageDealt":69353,"stat.craftItem.minecraft.glass":8,"stat.sleepInBed":4,"stat.craftItem.minecraft.baked_potato":12,"stat.killEntity.Cow":34,"stat.pickup.minecraft.minecart":1,"stat.killEntity.Pig":24,"stat.craftItem.minecraft.iron_sword":4,"stat.walkOneCm":1209870,"stat.useItem.minecraft.chest":12,"stat.pickup.minecraft.stick":155,"stat.drop.minecraft.netherrack":1,"stat.pickup.minecraft.stone":44,"stat.mineBlock.minecraft.wool":1,"stat.pickup.minecraft.ender_pearl":10,"stat.pickup.minecraft.cooked_beef":75,"stat.pickup.minecraft.gold_ingot":302,"stat.useItem.minecraft.netherrack":12,"stat.killEntity.Skeleton":44,"stat.craftItem.travelersbackpack.sleeping_bag_bottom":1,"stat.drop.minecraft.chainmail_boots":1,"stat.killEntity.Chicken":2,"stat.pickup.travelersbackpack.backpack_tank":2,"stat.killEntity.Spider":14,"stat.pickup.minecraft.bread":41,"stat.mineBlock.minecraft.quartz_ore":5,"stat.mobKills":426,"stat.pickup.minecraft.quartz":5,"stat.useItem.minecraft.golden_apple":1,"stat.useItem.minecraft.mossy_cobblestone":10,"stat.pickup.minecraft.water_bucket":4,"stat.pickup.minecraft.diamond":64,"stat.mineBlock.minecraft.leaves":67,"stat.pickup.minecraft.beetroot_seeds":37,"stat.pickup.minecraft.iron_horse_armor":4,"stat.pickup.minecraft.torch":110,"stat.craftItem.minecraft.coal_block":8,"stat.drop.minecraft.beef":2,"stat.mineBlock.minecraft.stone":366}