{"stat.leaveGame":8,"stat.craftItem.minecraft.iron_axe":2,"stat.pickup.minecraft.fishing_rod":8,"stat.craftItem.minecraft.shield":1,"stat.useItem.minecraft.planks":48,"stat.mineBlock.minecraft.web":4,"stat.killEntity.ellie":1,"stat.pickup.minecraft.glowstone_dust":10,"stat.pickup.minecraft.porkchop":64,"stat.pickup.minecraft.glass":50,"stat.drop.minecraft.iron_sword":2,"stat.pickup.minecraft.rotten_flesh":394,"stat.pickup.minecraft.sand":16,"stat.entityKilledBy.Spider":1,"stat.craftItem.minecraft.stone_axe":5,"stat.pickup.minecraft.name_tag":6,"stat.pickup.minecraft.bucket":4,"stat.pickup.minecraft.wooden_hoe":2,"stat.pickup.minecraft.leather_boots":1,"stat.craftItem.minecraft.stone_sword":1,"stat.pickup.minecraft.chainmail_chestplate":5,"stat.pickup.minecraft.brown_mushroom":19,"stat.mineBlock.minecraft.sand":8,"stat.killEntity.Witch":1,"stat.craftItem.minecraft.wooden_hoe":1,"stat.drop.minecraft.gold_ingot":4,"stat.useItem.minecraft.iron_pickaxe":444,"stat.craftItem.minecraft.wooden_pickaxe":1,"stat.craftItem.minecraft.bed":1,"stat.pickup.sexmod.allies_lamp":7,"stat.furnaceInteraction":67,"stat.drop.minecraft.red_flower":1,"stat.pickup.minecraft.beef":103,"stat.pickup.minecraft.furnace":5,"stat.useItem.minecraft.cooked_mutton":13,"stat.craftItem.travelersbackpack.travelers_backpack":1,"stat.pickup.minecraft.iron_chestplate":7,"stat.pickup.minecraft.skull":1,"stat.pickup.minecraft.stone_stairs":1,"stat.pickup.minecraft.potion":3,"stat.drop.minecraft.wooden_hoe":1,"stat.pickup.minecraft.pumpkin_seeds":24,"stat.pickup.minecraft.saddle":5,"stat.useItem.minecraft.dye":26,"stat.mineBlock.minecraft.soul_sand":2,"stat.pickup.minecraft.bowl":24,"stat.deaths":12,"stat.pickup.minecraft.egg":4,"stat.playOneMinute":343351,"stat.craftItem.minecraft.iron_pickaxe":2,"stat.mineBlock.minecraft.tallgrass":31,"stat.pickup.minecraft.netherrack":26,"stat.craftItem.minecraft.cooked_mutton":13,"stat.fishCaught":2,"stat.chestOpened":153,"stat.pickup.minecraft.pumpkin":4,"stat.useItem.minecraft.stone":14,"stat.mineBlock.minecraft.netherrack":9,"stat.pickup.minecraft.arrow":116,"stat.pickup.minecraft.iron_sword":15,"stat.pickup.minecraft.waterlily":17,"stat.fallOneCm":88749,"stat.pickup.minecraft.melon_seeds":23,"stat.crouchOneCm":58476,"stat.mineBlock.minecraft.chest":82,"stat.craftItem.minecraft.diamond":9,"stat.pickup.minecraft.rail":3,"stat.craftItem.minecraft.iron_ingot":56,"stat.craftItem.minecraft.chest":4,"stat.pickup.minecraft.red_mushroom":31,"stat.useItem.minecraft.iron_hoe":7,"stat.craftingTableInteraction":71,"stat.pickup.minecraft.feather":104,"stat.pickup.minecraft.record_cat":3,"stat.pickup.minecraft.dye":8,"stat.pickup.minecraft.planks":62,"stat.pickup.minecraft.iron_leggings":2,"stat.pickup.minecraft.wheat_seeds":170,"stat.pickup.minecraft.lead":11,"stat.mineBlock.minecraft.gravel":18,"stat.useItem.minecraft.stone_pickaxe":365,"stat.useItem.minecraft.stone_sword":119,"stat.craftItem.minecraft.iron_leggings":1,"stat.mineBlock.minecraft.dirt":87,"stat.pickup.minecraft.chainmail_boots":7,"stat.pickup.minecraft.poisonous_potato":2,"stat.useItem.minecraft.torch":58,"stat.useItem.minecraft.bread":12,"stat.pickup.minecraft.brewing_stand":3,"stat.pickup.minecraft.golden_apple":4,"stat.pickup.minecraft.crafting_table":2,"stat.useItem.minecraft.log":1,"stat.useItem.minecraft.cobblestone":159,"stat.craftItem.minecraft.crafting_table":10,"stat.useItem.minecraft.gravel":3,"stat.mineBlock.minecraft.double_plant":4,"stat.pickup.minecraft.iron_hoe":6,"stat.pickup.minecraft.log":431,"stat.craftItem.morearmor.scute_armorboots":5,"stat.pickup.minecraft.iron_pickaxe":3,"stat.craftItem.minecraft.gold_ingot":4,"stat.drop.minecraft.planks":1,"stat.drop.minecraft.sapling":4,"stat.pickup.minecraft.chicken":4,"stat.pickup.minecraft.chainmail_leggings":4,"stat.pickup.minecraft.sapling":46,"stat.pickup.minecraft.apple":35,"stat.pickup.minecraft.beetroot":4,"stat.pickup.minecraft.coal_block":7,"stat.craftItem.minecraft.planks":172,"stat.useItem.minecraft.iron_sword":801,"stat.pickup.minecraft.stone_sword":4,"stat.mineBlock.minecraft.log":141,"stat.craftItem.minecraft.wooden_door":3,"stat.useItem.minecraft.wooden_door":1,"stat.pickup.minecraft.red_flower":11,"stat.sneakTime":17751,"stat.pickup.minecraft.wool":43,"stat.useItem.minecraft.baked_potato":12,"stat.pickup.minecraft.cooked_fish":1,"stat.pickup.minecraft.stone_slab":89,"stat.pickup.minecraft.yellow_flower":1,"stat.useItem.minecraft.fishing_rod":7,"stat.pickup.minecraft.chest":86,"stat.drop.minecraft.stone_pickaxe":1,"stat.cakeSlicesEaten":9,"stat.pickup.minecraft.bone":242,"stat.pickup.minecraft.bookshelf":13,"stat.useItem.minecraft.iron_axe":221,"stat.mineBlock.minecraft.cobblestone":15,"stat.killEntity.bee":1,"stat.pickup.minecraft.stone_pickaxe":12,"stat.pickup.minecraft.flint":1,"stat.mineBlock.minecraft.concrete":4,"stat.craftItem.minecraft.wool":2,"stat.mineBlock.minecraft.stained_glass_pane":4,"stat.swimOneCm":31366,"stat.pickup.minecraft.enchanted_book":6,"stat.climbOneCm":375,"stat.drop.minecraft.cobblestone":2,"stat.pickup.minecraft.cooked_porkchop":55,"stat.drop.minecraft.brown_mushroom":1,"stat.useItem.minecraft.dirt":24,"stat.useItem.minecraft.cookie":6,"stat.useItem.minecraft.stone_slab2":59,"stat.pickup.minecraft.bow":11,"stat.pickup.minecraft.iron_boots":3,"stat.pickup.minecraft.diamond_horse_armor":2,"stat.craftItem.minecraft.furnace":3,"stat.craftItem.minecraft.stone_pickaxe":3,"stat.craftItem.minecraft.cooked_beef":52,"stat.pickup.minecraft.cobblestone":384,"stat.craftItem.minecraft.bow":2,"stat.flyOneCm":1831955,"stat.pickup.minecraft.clay":10,"stat.pickup.minecraft.soul_sand":9,"stat.pickup.minecraft.glass_bottle":2,"stat.pickup.minecraft.fish":11,"stat.useItem.minecraft.cooked_beef":86,"stat.pickup.minecraft.redstone":68,"stat.mineBlock.minecraft.iron_ore":65,"stat.timeSinceDeath":155035,"stat.drop.minecraft.log":1,"stat.pickup.minecraft.mutton":29,"stat.pickup.minecraft.mossy_cobblestone":29,"stat.pickup.travelersbackpack.travelers_backpack":3,"stat.pickup.morearmor.scute_armorboots":5,"stat.useItem.minecraft.potato":20,"stat.pickup.minecraft.chainmail_helmet":3,"stat.pickup.aether_legacy.iron_ring":2,"stat.pickup.minecraft.redstone_lamp":11,"stat.drop.minecraft.dirt":13,"stat.useItem.minecraft.cooked_porkchop":17,"stat.pickup.minecraft.iron_shovel":2,"stat.mineBlock.minecraft.coal_ore":108,"stat.drop.minecraft.wool":1,"stat.pickup.sexmod.galath_coin":2,"stat.killEntity.Creeper":5,"stat.pickup.minecraft.shield":1,"stat.pickup.minecraft.string":316,"stat.entityKilledBy.Skeleton":4,"stat.craftItem.minecraft.stone_slab2":0,"stat.sprintOneCm":993233,"stat.pickup.minecraft.paper":4,"stat.mineBlock.minecraft.stone_slab":26,"stat.craftItem.minecraft.stick":52,"stat.mineBlock.minecraft.diamond_ore":8,"stat.mineBlock.minecraft.crafting_table":2,"stat.pickup.minecraft.golden_horse_armor":2,"stat.pickup.minecraft.leather_leggings":6,"stat.pickup.minecraft.spawn_egg":3,"stat.mineBlock.minecraft.planks":3,"stat.drop":23,"stat.pickup.minecraft.stone_button":18,"stat.killEntity.Sheep":18,"stat.pickup.minecraft.slime_ball":2,"stat.killEntity.Zombie":197,"stat.craftItem.minecraft.dye":31,"stat.drop.minecraft.bread":4,"stat.mineBlock.minecraft.gold_ore":4,"stat.diveOneCm":21873,"stat.pickup.minecraft.wheat":61,"stat.mineBlock.minecraft.mossy_cobblestone":29,"stat.pickup.minecraft.sign":6,"stat.pickup.minecraft.gravel":26,"stat.drop.minecraft.cooked_beef":2,"stat.craftItem.minecraft.cooked_porkchop":21,"stat.pickup.minecraft.stone_axe":5,"stat.useItem.minecraft.rotten_flesh":1,"stat.craftItem.travelersbackpack.backpack_tank":2,"stat.jump":4887,"stat.useItem.minecraft.wooden_hoe":7,"stat.pickup.minecraft.coal":307,"stat.pickup.minecraft.iron_helmet":4,"stat.pickup.minecraft.iron_ingot":100,"stat.useItem.minecraft.stone_axe":348,"stat.entityKilledBy.CaveSpider":3,"stat.pickup.minecraft.gunpowder":76,"stat.pickup.minecraft.spider_eye":22,"stat.craftItem.minecraft.torch":32,"stat.pickup.minecraft.dirt":84,"stat.pickup.minecraft.diamond_ore":1,"stat.pickup.minecraft.iron_ore":61,"stat.pickup.minecraft.gold_ore":4,"stat.pickup.minecraft.iron_axe":1,"stat.pickup.minecraft.cookie":6,"stat.mineBlock.minecraft.stone_stairs":1,"stat.damageTaken":17328,"stat.pickup.minecraft.leather":126,"stat.mineBlock.minecraft.torch":6,"stat.mineBlock.minecraft.furnace":4,"stat.mineBlock.minecraft.red_flower":7,"stat.pickup.minecraft.written_book":1,"stat.useItem.minecraft.wooden_pickaxe":17,"stat.pickup.minecraft.reeds":86,"stat.killEntity.CaveSpider":29,"stat.pickup.minecraft.bed":2,"stat.pickup.minecraft.concrete":4,"stat.pickup.minecraft.potato":81,"stat.entityKilledBy.Zombie":2,"stat.damageDealt":61825,"stat.craftItem.minecraft.glass":8,"stat.sleepInBed":4,"stat.craftItem.minecraft.baked_potato":12,"stat.killEntity.Cow":34,"stat.pickup.minecraft.minecart":1,"stat.killEntity.Pig":24,"stat.craftItem.minecraft.iron_sword":4,"stat.walkOneCm":1085743,"stat.useItem.minecraft.chest":5,"stat.pickup.minecraft.stick":123,"stat.drop.minecraft.netherrack":1,"stat.pickup.minecraft.stone":44,"stat.mineBlock.minecraft.wool":1,"stat.pickup.minecraft.ender_pearl":4,"stat.pickup.minecraft.cooked_beef":46,"stat.pickup.minecraft.gold_ingot":95,"stat.killEntity.Skeleton":44,"stat.craftItem.travelersbackpack.sleeping_bag_bottom":1,"stat.drop.minecraft.chainmail_boots":1,"stat.killEntity.Chicken":2,"stat.pickup.travelersbackpack.backpack_tank":1,"stat.killEntity.Spider":13,"stat.pickup.minecraft.bread":38,"stat.mobKills":394,"stat.useItem.minecraft.golden_apple":1,"stat.useItem.minecraft.mossy_cobblestone":10,"stat.pickup.minecraft.water_bucket":3,"stat.pickup.minecraft.diamond":29,"stat.mineBlock.minecraft.leaves":67,"stat.pickup.minecraft.beetroot_seeds":29,"stat.pickup.minecraft.iron_horse_armor":2,"stat.pickup.minecraft.torch":91,"stat.craftItem.minecraft.coal_block":8,"stat.drop.minecraft.beef":2,"stat.mineBlock.minecraft.stone":352}