{"stat.drop.minecraft.stone_pickaxe":1,"stat.chestOpened":3,"stat.mineBlock.minecraft.mossy_cobblestone":9,"stat.walkOneCm":101636,"stat.pickup.minecraft.bone":9,"stat.useItem.minecraft.torch":7,"stat.pickup.morearmor.scute_armorboots":1,"stat.useItem.minecraft.stone":9,"stat.pickup.minecraft.arrow":6,"stat.mineBlock.minecraft.cobblestone":2,"stat.craftItem.minecraft.crafting_table":1,"stat.furnaceInteraction":6,"stat.mineBlock.minecraft.coal_ore":26,"stat.killEntity.Creeper":1,"stat.pickup.minecraft.log":8,"stat.pickup.minecraft.string":16,"stat.craftItem.morearmor.scute_armorboots":1,"stat.jump":374,"stat.swimOneCm":247,"stat.pickup.minecraft.coal":35,"stat.fallOneCm":11436,"stat.pickup.minecraft.iron_ingot":1,"stat.pickup.minecraft.beef":24,"stat.useItem.minecraft.stone_axe":148,"stat.craftItem.minecraft.stone_slab2":0,"stat.pickup.minecraft.stone":11,"stat.pickup.minecraft.porkchop":1,"stat.crouchOneCm":6851,"stat.mineBlock.minecraft.chest":4,"stat.craftItem.minecraft.torch":8,"stat.pickup.minecraft.dirt":16,"stat.sprintOneCm":97491,"stat.useItem.minecraft.stone_slab2":7,"stat.pickup.minecraft.bow":1,"stat.craftItem.minecraft.stick":16,"stat.craftingTableInteraction":8,"stat.pickup.minecraft.rotten_flesh":18,"stat.killEntity.Skeleton":4,"stat.craftItem.minecraft.furnace":1,"stat.craftItem.minecraft.planks":16,"stat.pickup.minecraft.stone_stairs":1,"stat.craftItem.minecraft.stone_axe":3,"stat.mineBlock.minecraft.stone_stairs":1,"stat.pickup.minecraft.leather":16,"stat.damageTaken":1292,"stat.killEntity.Spider":2,"stat.craftItem.minecraft.stone_pickaxe":3,"stat.useItem.minecraft.wooden_pickaxe":17,"stat.craftItem.minecraft.cooked_beef":23,"stat.pickup.minecraft.cobblestone":70,"stat.mobKills":40,"stat.mineBlock.minecraft.log":8,"stat.flyOneCm":76384,"stat.pickup.minecraft.bowl":2,"stat.useItem.minecraft.mossy_cobblestone":5,"stat.drop":1,"stat.pickup.minecraft.potato":1,"stat.playOneMinute":22371,"stat.useItem.minecraft.stone_pickaxe":122,"stat.pickup.minecraft.red_flower":4,"stat.useItem.minecraft.cooked_beef":13,"stat.sneakTime":2136,"stat.pickup.minecraft.wool":2,"stat.damageDealt":5908,"stat.killEntity.Zombie":20,"stat.timeSinceDeath":22371,"stat.killEntity.Cow":12,"stat.mineBlock.minecraft.dirt":16,"stat.craftItem.minecraft.wooden_pickaxe":1,"stat.mineBlock.minecraft.stone":84,"stat.killEntity.Pig":1,"stat.mineBlock.minecraft.tallgrass":8,"stat.pickup.minecraft.chainmail_boots":1,"stat.pickup.minecraft.mossy_cobblestone":9,"stat.pickup.minecraft.chest":4}