{"stat.pickup.minecraft.bone":1,"stat.leaveGame":2,"stat.pickup.minecraft.arrow":1,"stat.pickup.toughasnails.charcoal_filter":1,"stat.mineBlock.srparasites.gore":39,"stat.useItem.minecraft.mutton":2,"stat.jump":853,"stat.swimOneCm":12354,"stat.pickup.minecraft.coal":13,"stat.fallOneCm":23198,"stat.crouchOneCm":7787,"stat.pickup.minecraft.dirt":20,"stat.useItem.minecraft.dirt":1,"stat.useItem.minecraft.stone_slab2":3,"stat.pickup.toughasnails.wool_chestplate":4,"stat.mineBlock.futuremc.lily_of_the_valley":1,"stat.craftingTableInteraction":7,"stat.pickup.minecraft.iron_ore":12,"stat.pickup.minecraft.rotten_flesh":7,"stat.useItem.minecraft.egg":1,"stat.pickup.minecraft.wooden_pickaxe":5,"stat.damageTaken":1725,"stat.craftItem.minecraft.stone_pickaxe":1,"stat.useItem.minecraft.wooden_pickaxe":23,"stat.pickup.minecraft.cobblestone":11,"stat.pickup.srparasites.assimilated_flesh":7,"stat.pickup.minecraft.planks":15,"stat.flyOneCm":175667,"stat.pickup.minecraft.wheat_seeds":6,"stat.pickup.toughasnails.wool_helmet":8,"stat.useItem.minecraft.stone_pickaxe":27,"stat.damageDealt":1092,"stat.mineBlock.minecraft.iron_ore":6,"stat.sleepInBed":1,"stat.timeSinceDeath":1792,"stat.mineBlock.minecraft.dirt":4,"stat.drop.minecraft.log":5,"stat.craftItem.minecraft.wooden_pickaxe":2,"stat.pickup.minecraft.mutton":3,"stat.walkOneCm":118640,"stat.pickup.minecraft.stick":2,"stat.craftItem.minecraft.crafting_table":2,"stat.furnaceInteraction":2,"stat.mineBlock.minecraft.coal_ore":13,"stat.pickup.minecraft.log":16,"stat.entityKilledBy.Skeleton":2,"stat.drop.minecraft.sapling":1,"stat.pickup.minecraft.sapling":6,"stat.sprintOneCm":97157,"stat.drop.srparasites.assimilated_flesh":3,"stat.craftItem.minecraft.stick":12,"stat.craftItem.minecraft.wooden_axe":1,"stat.pickup.srparasites.bone":1,"stat.pickup.toughasnails.wool_boots":1,"stat.craftItem.minecraft.planks":44,"stat.pickup.futuremc.lily_of_the_valley":1,"stat.mobKills":8,"stat.mineBlock.minecraft.log":16,"stat.entityKilledBy.Creeper":1,"stat.deaths":8,"stat.mineBlock.minecraft.planks":2,"stat.pickup.toughasnails.wool_leggings":4,"stat.drop":4,"stat.mineBlock.minecraft.leaves":16,"stat.pickup.minecraft.egg":1,"stat.playOneMinute":34337,"stat.killEntity.Sheep":2,"stat.sneakTime":2833,"stat.pickup.toughasnails.canteen":2,"stat.mineBlock.minecraft.stone":11,"stat.mineBlock.minecraft.tallgrass":41,"stat.diveOneCm":12398}