{"stat.drop.minecraft.stone_pickaxe":1,"stat.cakeSlicesEaten":3,"stat.pickup.minecraft.bone":38,"stat.leaveGame":1,"stat.mineBlock.minecraft.cobblestone":6,"stat.killEntity.bee":1,"stat.pickup.minecraft.stone_pickaxe":2,"stat.pickup.minecraft.flint":1,"stat.swimOneCm":994,"stat.craftItem.minecraft.shield":1,"stat.useItem.minecraft.planks":7,"stat.pickup.minecraft.cooked_porkchop":7,"stat.pickup.minecraft.porkchop":31,"stat.pickup.minecraft.glass":9,"stat.useItem.minecraft.stone_slab2":21,"stat.pickup.minecraft.bow":3,"stat.drop.minecraft.iron_sword":1,"stat.pickup.minecraft.rotten_flesh":112,"stat.craftItem.minecraft.furnace":1,"stat.craftItem.minecraft.stone_axe":4,"stat.craftItem.minecraft.stone_pickaxe":3,"stat.craftItem.minecraft.cooked_beef":23,"stat.pickup.minecraft.cobblestone":98,"stat.pickup.minecraft.wooden_hoe":2,"stat.craftItem.minecraft.stone_sword":1,"stat.flyOneCm":224483,"stat.useItem.minecraft.cooked_beef":17,"stat.craftItem.minecraft.wooden_hoe":1,"stat.mineBlock.minecraft.iron_ore":8,"stat.timeSinceDeath":9668,"stat.craftItem.minecraft.wooden_pickaxe":1,"stat.pickup.minecraft.mossy_cobblestone":29,"stat.pickup.morearmor.scute_armorboots":2,"stat.useItem.minecraft.potato":17,"stat.furnaceInteraction":21,"stat.useItem.minecraft.cooked_porkchop":14,"stat.mineBlock.minecraft.coal_ore":52,"stat.killEntity.Creeper":1,"stat.pickup.minecraft.shield":1,"stat.drop.minecraft.red_flower":1,"stat.pickup.minecraft.string":71,"stat.pickup.minecraft.beef":38,"stat.pickup.minecraft.furnace":2,"stat.entityKilledBy.Skeleton":1,"stat.craftItem.minecraft.stone_slab2":0,"stat.sprintOneCm":257943,"stat.pickup.minecraft.iron_chestplate":3,"stat.craftItem.minecraft.stick":28,"stat.pickup.minecraft.stone_stairs":1,"stat.drop.minecraft.wooden_hoe":1,"stat.useItem.minecraft.dye":26,"stat.pickup.minecraft.spawn_egg":2,"stat.pickup.minecraft.bowl":2,"stat.deaths":2,"stat.drop":8,"stat.playOneMinute":70880,"stat.killEntity.Zombie":85,"stat.craftItem.minecraft.dye":27,"stat.mineBlock.minecraft.tallgrass":15,"stat.diveOneCm":1013,"stat.pickup.minecraft.wheat":11,"stat.chestOpened":17,"stat.mineBlock.minecraft.mossy_cobblestone":29,"stat.useItem.minecraft.stone":9,"stat.pickup.minecraft.gravel":10,"stat.pickup.minecraft.arrow":34,"stat.pickup.minecraft.iron_sword":3,"stat.drop.minecraft.cooked_beef":2,"stat.craftItem.minecraft.cooked_porkchop":15,"stat.jump":1062,"stat.useItem.minecraft.wooden_hoe":7,"stat.pickup.minecraft.coal":120,"stat.pickup.minecraft.iron_helmet":2,"stat.fallOneCm":26003,"stat.pickup.minecraft.iron_ingot":8,"stat.useItem.minecraft.stone_axe":273,"stat.entityKilledBy.CaveSpider":1,"stat.crouchOneCm":18878,"stat.mineBlock.minecraft.chest":4,"stat.pickup.minecraft.spider_eye":6,"stat.craftItem.minecraft.torch":16,"stat.craftItem.minecraft.iron_ingot":8,"stat.pickup.minecraft.dirt":20,"stat.pickup.minecraft.red_mushroom":6,"stat.craftingTableInteraction":24,"stat.pickup.minecraft.iron_ore":8,"stat.mineBlock.minecraft.stone_stairs":1,"stat.damageTaken":4164,"stat.pickup.minecraft.leather":40,"stat.pickup.minecraft.feather":19,"stat.mineBlock.minecraft.torch":6,"stat.mineBlock.minecraft.furnace":1,"stat.mineBlock.minecraft.red_flower":2,"stat.useItem.minecraft.wooden_pickaxe":17,"stat.pickup.minecraft.planks":2,"stat.pickup.minecraft.reeds":7,"stat.killEntity.CaveSpider":8,"stat.pickup.minecraft.potato":51,"stat.mineBlock.minecraft.gravel":11,"stat.useItem.minecraft.stone_pickaxe":236,"stat.useItem.minecraft.stone_sword":80,"stat.damageDealt":22929,"stat.craftItem.minecraft.baked_potato":12,"stat.killEntity.Cow":17,"stat.mineBlock.minecraft.dirt":20,"stat.killEntity.Pig":15,"stat.pickup.minecraft.chainmail_boots":1,"stat.pickup.minecraft.poisonous_potato":2,"stat.craftItem.minecraft.iron_sword":1,"stat.walkOneCm":281211,"stat.useItem.minecraft.torch":41,"stat.pickup.minecraft.stick":2,"stat.useItem.minecraft.cobblestone":20,"stat.craftItem.minecraft.crafting_table":3,"stat.useItem.minecraft.gravel":2,"stat.pickup.minecraft.log":20,"stat.craftItem.morearmor.scute_armorboots":2,"stat.pickup.minecraft.stone":15,"stat.drop.minecraft.sapling":4,"stat.pickup.minecraft.sapling":5,"stat.pickup.minecraft.apple":12,"stat.killEntity.Skeleton":16,"stat.drop.minecraft.chainmail_boots":1,"stat.craftItem.minecraft.planks":48,"stat.useItem.minecraft.iron_sword":172,"stat.killEntity.Spider":3,"stat.pickup.minecraft.stone_sword":2,"stat.pickup.minecraft.bread":9,"stat.mobKills":150,"stat.mineBlock.minecraft.log":16,"stat.useItem.minecraft.mossy_cobblestone":10,"stat.mineBlock.minecraft.leaves":11,"stat.pickup.minecraft.torch":28,"stat.pickup.minecraft.red_flower":7,"stat.sneakTime":7563,"stat.pickup.minecraft.wool":9,"stat.useItem.minecraft.baked_potato":12,"stat.pickup.minecraft.stone_slab":1,"stat.mineBlock.minecraft.stone":107,"stat.pickup.minecraft.chest":8}