{"stat.cakeSlicesEaten":6,"stat.walkOneCm":100921,"stat.useItem.minecraft.bread":4,"stat.drop.minecraft.item_frame":1,"stat.leaveGame":1,"stat.drop.minecraft.rotten_flesh":1,"stat.pickup.minecraft.crafting_table":1,"stat.mineBlock.minecraft.ice":66,"stat.furnaceInteraction":5,"stat.craftItem.minecraft.crafting_table":1,"stat.pickup.minecraft.stone_axe":1,"stat.drop.minecraft.beetroot_seeds":3,"stat.pickup.minecraft.leather_chestplate":1,"stat.killEntity.Creeper":1,"stat.pickup.minecraft.log":5,"stat.swimOneCm":7916,"stat.jump":206,"stat.fallOneCm":4627,"stat.mineBlock.minecraft.spruce_stairs":1,"stat.pickup.minecraft.carrot":16,"stat.craftItem.minecraft.stone_slab2":0,"stat.useItem.minecraft.stone_axe":18,"stat.craftItem.minecraft.bread":4,"stat.crouchOneCm":4089,"stat.mineBlock.minecraft.wool":1,"stat.pickup.minecraft.chainmail_leggings":1,"stat.pickup.minecraft.sapling":3,"stat.sprintOneCm":23388,"stat.useItem.minecraft.stone_slab2":3,"stat.craftItem.minecraft.stick":4,"stat.craftingTableInteraction":6,"stat.pickup.minecraft.rotten_flesh":1,"stat.pickup.minecraft.sand":1,"stat.pickup.minecraft.beetroot":4,"stat.craftItem.spartanshields.shield_tower_wood":1,"stat.craftItem.minecraft.planks":20,"stat.useItem.minecraft.snowball":4,"stat.killEntity.Chicken":1,"stat.damageTaken":900,"stat.mineBlock.minecraft.crafting_table":1,"stat.pickup.minecraft.feather":2,"stat.useItem.minecraft.carrot":7,"stat.mobKills":4,"stat.mineBlock.minecraft.log":6,"stat.pickup.minecraft.planks":1,"stat.flyOneCm":30356,"stat.deaths":1,"stat.mineBlock.minecraft.planks":1,"stat.drop":6,"stat.pickup.minecraft.wheat_seeds":102,"stat.pickup.minecraft.beetroot_seeds":16,"stat.mineBlock.minecraft.sand":1,"stat.mineBlock.minecraft.leaves":4,"stat.pickup.minecraft.potato":20,"stat.playOneMinute":21054,"stat.pickup.minecraft.torch":2,"stat.drop.minecraft.sand":1,"stat.pickup.minecraft.spruce_stairs":1,"stat.sneakTime":1604,"stat.pickup.minecraft.wool":1,"stat.damageDealt":477,"stat.pickup.minecraft.item_frame":2,"stat.useItem.minecraft.baked_potato":1,"stat.killEntity.Zombie":2,"stat.timeSinceDeath":20804,"stat.craftItem.minecraft.baked_potato":1,"stat.pickup.minecraft.snowball":4,"stat.mineBlock.minecraft.tallgrass":2,"stat.diveOneCm":210,"stat.pickup.minecraft.wheat":13,"stat.pickup.toughasnails.ice_cube":48}