{"stats":{"minecraft:picked_up":{"minecraft:crafting_table":2,"minecraft:wheat":1,"minecraft:feather":27,"minecraft:cooked_beef":2,"minecraft:chicken":20,"minecraft:andesite":4,"minecraft:brown_wool":1,"minecraft:leather":3,"minecraft:wooden_pickaxe":1,"minecraft:oak_log":59,"minecraft:dirt":17,"minecraft:iron_axe":1,"born_in_chaos_v1:monster_skin":1,"minecraft:cooked_mutton":10,"minecraft:bone":3,"minecraft:apple":6,"minecraft:wheat_seeds":9,"minecraft:beef":4,"minecraft:cooked_chicken":18,"immersive_armors:wooden_leggings":1,"minecraft:sugar_cane":10,"alexsmobs:cooked_lobster_tail":6,"minecraft:oak_planks":32,"minecraft:raw_iron":1,"minecraft:stick":35,"minecraft:cooked_porkchop":14,"born_in_chaos_v1:ethereal_spirit":2,"minecraft:porkchop":18,"greekfantasy:white_terracotta_vase":1,"greekfantasy:olive_planks":16,"immersive_armors:wooden_helmet":1,"born_in_chaos_v1:fire_dust":2,"minecraft:stone_axe":2,"immersive_armors:wooden_chestplate":1,"minecraft:hay_block":11,"minecraft:granite":1,"alexsmobs:maggot":2,"immersive_armors:wooden_boots":1,"minecraft:oak_sapling":21,"gnumus:mouse_skin":4,"minecraft:mutton":9,"minecraft:coal":38,"alexsmobs:lobster_tail":11,"minecraft:white_wool":6,"minecraft:cobblestone":12},"minecraft:crafted":{"minecraft:cooked_beef":2,"minecraft:oak_planks":64,"minecraft:crafting_table":1,"minecraft:wooden_pickaxe":1,"minecraft:bone_meal":9,"minecraft:stone_axe":1,"minecraft:air":0,"minecraft:ladder":24,"minecraft:stick":36,"minecraft:stone_pickaxe":1,"lumberjack:stone_lumberaxe":1},"minecraft:broken":{"minecraft:stone_axe":1},"minecraft:mined":{"minecraft:crafting_table":2,"minecraft:torch":1,"gravestone:gravestone":2,"minecraft:granite":1,"minecraft:grass_block":4,"minecraft:tall_grass":18,"minecraft:sugar_cane":5,"minecraft:hay_block":11,"greekfantasy:white_terracotta_vase":1,"minecraft:wheat":3,"minecraft:andesite":4,"minecraft:grass":42,"minecraft:oak_log":59,"minecraft:coal_ore":37,"minecraft:dirt":11,"minecraft:stone":12,"born_in_chaos_v1:infernal_evil_pumpkin_s":1,"minecraft:oak_leaves":12},"minecraft:killed":{"greekfantasy:shade":1,"alexsmobs:lobster":14,"minecraft:pig":8,"born_in_chaos_v1:restless_spirit":1,"gnumus:pitchermouse":1,"minecraft:spider":1,"minecraft:sheep":7,"minecraft:skeleton":1,"born_in_chaos_v1:dread_hound":1,"alexsmobs:terrapin":2,"minecraft:chicken":21,"alexsmobs:fly":1,"alexsmobs:crow":1,"born_in_chaos_v1:firelight_n":2,"minecraft:cow":3},"minecraft:custom":{"minecraft:interact_with_furnace":11,"minecraft:mob_kills":67,"minecraft:interact_with_crafting_table":8,"minecraft:interact_with_campfire":49,"minecraft:leave_game":3,"minecraft:time_since_death":30185,"minecraft:sleep_in_bed":1,"minecraft:climb_one_cm":242,"minecraft:time_since_rest":16206,"minecraft:sprint_one_cm":140239,"minecraft:damage_taken":1188,"minecraft:walk_one_cm":156005,"minecraft:drop":11,"minecraft:damage_dealt":5150,"minecraft:swim_one_cm":22871,"minecraft:fly_one_cm":210831,"minecraft:open_chest":3,"minecraft:crouch_one_cm":4528,"minecraft:play_time":51133,"minecraft:deaths":1,"minecraft:sneak_time":2147,"minecraft:walk_under_water_one_cm":8693,"minecraft:jump":1279,"minecraft:walk_on_water_one_cm":3531,"minecraft:total_world_time":51133,"minecraft:fall_one_cm":30233},"minecraft:dropped":{"minecraft:stone_axe":1,"minecraft:wheat_seeds":3,"alexsmobs:animal_dictionary":1,"minecraft:cobblestone":5,"minecraft:coal":37,"alexsmobs:lobster_tail":9,"minecraft:ladder":24,"gravestone:obituary":1,"minecraft:wooden_pickaxe":1,"minecraft:beef":2},"minecraft:killed_by":{"minecraft:skeleton":1},"minecraft:used":{"minecraft:wheat_seeds":2,"minecraft:cooked_mutton":3,"minecraft:stone_pickaxe":52,"minecraft:wooden_pickaxe":22,"minecraft:cooked_chicken":1,"minecraft:dirt":9,"minecraft:crafting_table":2,"minecraft:granite":1,"lumberjack:stone_lumberaxe":78,"minecraft:apple":5,"greekfantasy:white_terracotta_vase":1,"alexsmobs:cooked_lobster_tail":6,"minecraft:stone_axe":154,"minecraft:cooked_porkchop":2,"minecraft:oak_sapling":21,"minecraft:andesite":1,"alexsmobs:animal_dictionary":2,"minecraft:cooked_beef":2,"minecraft:bone_meal":9}},"DataVersion":3120}