{"stats":{"minecraft:picked_up":{"minecraft:crafting_table":2,"minecraft:wheat":1,"minecraft:feather":27,"minecraft:chicken":20,"minecraft:andesite":4,"minecraft:brown_wool":1,"minecraft:leather":3,"minecraft:wooden_pickaxe":1,"minecraft:oak_log":59,"minecraft:dirt":17,"born_in_chaos_v1:monster_skin":1,"minecraft:cooked_mutton":4,"minecraft:bone":3,"minecraft:apple":6,"minecraft:wheat_seeds":9,"minecraft:beef":4,"minecraft:sugar_cane":10,"alexsmobs:cooked_lobster_tail":6,"minecraft:stick":14,"born_in_chaos_v1:ethereal_spirit":2,"minecraft:porkchop":18,"greekfantasy:white_terracotta_vase":1,"born_in_chaos_v1:fire_dust":2,"minecraft:stone_axe":2,"minecraft:hay_block":11,"minecraft:granite":1,"alexsmobs:maggot":2,"minecraft:oak_sapling":21,"gnumus:mouse_skin":4,"minecraft:mutton":9,"minecraft:coal":37,"alexsmobs:lobster_tail":11,"minecraft:white_wool":6,"minecraft:cobblestone":12},"minecraft:crafted":{"minecraft:cooked_beef":2,"minecraft:oak_planks":64,"minecraft:crafting_table":1,"minecraft:wooden_pickaxe":1,"minecraft:bone_meal":9,"minecraft:stone_axe":1,"minecraft:air":0,"minecraft:stick":4,"minecraft:stone_pickaxe":1,"lumberjack:stone_lumberaxe":1},"minecraft:broken":{"minecraft:stone_axe":1},"minecraft:mined":{"minecraft:crafting_table":2,"minecraft:torch":1,"gravestone:gravestone":2,"minecraft:granite":1,"minecraft:grass_block":4,"minecraft:tall_grass":12,"minecraft:sugar_cane":5,"minecraft:hay_block":11,"greekfantasy:white_terracotta_vase":1,"minecraft:wheat":3,"minecraft:andesite":4,"minecraft:grass":39,"minecraft:oak_log":59,"minecraft:coal_ore":37,"minecraft:dirt":11,"minecraft:stone":12,"born_in_chaos_v1:infernal_evil_pumpkin_s":1,"minecraft:oak_leaves":12},"minecraft:killed":{"greekfantasy:shade":1,"alexsmobs:lobster":14,"minecraft:pig":8,"born_in_chaos_v1:restless_spirit":1,"minecraft:spider":1,"minecraft:sheep":7,"minecraft:skeleton":1,"born_in_chaos_v1:dread_hound":1,"alexsmobs:terrapin":2,"minecraft:chicken":21,"alexsmobs:fly":1,"alexsmobs:crow":1,"born_in_chaos_v1:firelight_n":2,"minecraft:cow":3},"minecraft:custom":{"minecraft:interact_with_furnace":7,"minecraft:mob_kills":65,"minecraft:interact_with_crafting_table":5,"minecraft:leave_game":2,"minecraft:time_since_death":17753,"minecraft:sleep_in_bed":1,"minecraft:time_since_rest":3774,"minecraft:sprint_one_cm":108333,"minecraft:damage_taken":896,"minecraft:walk_one_cm":118184,"minecraft:drop":10,"minecraft:damage_dealt":4800,"minecraft:swim_one_cm":22871,"minecraft:fly_one_cm":159865,"minecraft:open_chest":2,"minecraft:crouch_one_cm":4328,"minecraft:play_time":38701,"minecraft:deaths":1,"minecraft:sneak_time":2001,"minecraft:walk_under_water_one_cm":8693,"minecraft:jump":871,"minecraft:walk_on_water_one_cm":3531,"minecraft:total_world_time":38701,"minecraft:fall_one_cm":24250},"minecraft:dropped":{"minecraft:stone_axe":1,"minecraft:wheat_seeds":3,"alexsmobs:animal_dictionary":1,"minecraft:cobblestone":5,"minecraft:coal":37,"alexsmobs:lobster_tail":9,"gravestone:obituary":1,"minecraft:wooden_pickaxe":1,"minecraft:beef":2},"minecraft:killed_by":{"minecraft:skeleton":1},"minecraft:used":{"minecraft:wheat_seeds":2,"minecraft:cooked_mutton":1,"minecraft:stone_pickaxe":52,"minecraft:wooden_pickaxe":22,"minecraft:dirt":9,"minecraft:crafting_table":2,"minecraft:granite":1,"lumberjack:stone_lumberaxe":78,"minecraft:apple":5,"alexsmobs:cooked_lobster_tail":6,"minecraft:stone_axe":142,"minecraft:oak_sapling":21,"minecraft:andesite":1,"alexsmobs:animal_dictionary":2,"minecraft:cooked_beef":2,"minecraft:bone_meal":9}},"DataVersion":3120}