{"stat.craftItem.morearmor.cobblestone_armorlegs":2,"stat.pickup.minecraft.bone":48,"stat.useItem.minecraft.iron_axe":7,"stat.leaveGame":1,"stat.mineBlock.minecraft.pumpkin":2,"stat.mineBlock.minecraft.cobblestone":1,"stat.pickup.minecraft.stone_pickaxe":1,"stat.entityKilledBy.galath":2,"stat.craftItem.minecraft.wool":4,"stat.pickup.morearmor.cobblestone_armorhelmet":5,"stat.swimOneCm":14021,"stat.mineBlock.minecraft.web":1,"stat.pickup.spartanshields.shield_basic_iron":4,"stat.pickup.minecraft.porkchop":32,"stat.pickup.minecraft.glass":16,"stat.useItem.minecraft.dirt":17,"stat.useItem.minecraft.stone_slab2":31,"stat.pickup.minecraft.bow":3,"stat.useItem.minecraft.water_bucket":15,"stat.pickup.minecraft.rotten_flesh":36,"stat.pickup.minecraft.sand":27,"stat.craftItem.minecraft.furnace":2,"stat.pickup.minecraft.brick_block":15,"stat.pickup.aether_legacy.iron_gloves":4,"stat.pickup.morearmor.cobblestone_armorbody":1,"stat.craftItem.spartanshields.shield_basic_iron":2,"stat.craftItem.minecraft.spruce_boat":1,"stat.craftItem.minecraft.stone_pickaxe":1,"stat.craftItem.aether_legacy.iron_ring":2,"stat.craftItem.minecraft.cooked_beef":27,"stat.pickup.minecraft.cobblestone":389,"stat.useItem.minecraft.stone_shovel":52,"stat.craftItem.minecraft.stone_sword":1,"stat.useItem.minecraft.brick_block":12,"stat.drop.aether_legacy.iron_ring":3,"stat.flyOneCm":288955,"stat.pickup.minecraft.chainmail_chestplate":4,"stat.pickup.minecraft.brown_mushroom":1,"stat.mineBlock.minecraft.sand":21,"stat.killEntity.Witch":1,"stat.useItem.minecraft.cooked_beef":10,"stat.pickup.minecraft.redstone":136,"stat.mineBlock.minecraft.iron_ore":41,"stat.timeSinceDeath":18474,"stat.craftItem.spartanshields.shield_basic_wood":2,"stat.useItem.minecraft.iron_pickaxe":258,"stat.pickup.minecraft.mutton":2,"stat.mineBlock.minecraft.brick_block":15,"stat.craftItem.minecraft.bed":1,"stat.pickup.morearmor.scute_armorboots":6,"stat.pickup.sexmod.allies_lamp":5,"stat.pickup.aether_legacy.iron_ring":5,"stat.furnaceInteraction":69,"stat.craftItem.aether_legacy.iron_gloves":2,"stat.useItem.minecraft.cooked_porkchop":10,"stat.mineBlock.minecraft.coal_ore":55,"stat.entityKilledBy.WitherSkeleton":1,"stat.pickup.minecraft.string":13,"stat.pickup.minecraft.beef":50,"stat.pickup.minecraft.furnace":4,"stat.useItem.minecraft.cooked_mutton":2,"stat.craftItem.minecraft.stone_slab2":0,"stat.craftItem.travelersbackpack.travelers_backpack":1,"stat.sprintOneCm":359688,"stat.craftItem.minecraft.stick":44,"stat.drop.aether_legacy.iron_gloves":4,"stat.craftItem.minecraft.stone":4,"stat.mineBlock.minecraft.crafting_table":11,"stat.useItem.minecraft.carrot":1,"stat.useItem.minecraft.beef":2,"stat.deaths":5,"stat.drop":17,"stat.pickup.minecraft.egg":6,"stat.playOneMinute":105972,"stat.killEntity.Sheep":1,"stat.craftItem.minecraft.iron_pickaxe":1,"stat.killEntity.Zombie":28,"stat.craftItem.minecraft.dye":4,"stat.mineBlock.minecraft.gold_ore":11,"stat.mineBlock.minecraft.tallgrass":20,"stat.craftItem.minecraft.cooked_mutton":2,"stat.diveOneCm":13198,"stat.chestOpened":69,"stat.pickup.minecraft.pumpkin":4,"stat.useItem.minecraft.stone":4,"stat.pickup.minecraft.arrow":21,"stat.pickup.minecraft.iron_sword":4,"stat.craftItem.minecraft.cooked_porkchop":15,"stat.pickup.minecraft.stone_axe":6,"stat.useItem.minecraft.apple":5,"stat.useItem.minecraft.rotten_flesh":11,"stat.drop.minecraft.cooked_porkchop":18,"stat.craftItem.travelersbackpack.backpack_tank":2,"stat.jump":1869,"stat.pickup.minecraft.coal":54,"stat.fallOneCm":56194,"stat.drop.minecraft.dye":3,"stat.pickup.minecraft.carrot":1,"stat.useItem.minecraft.stone_axe":92,"stat.craftItem.minecraft.bread":1,"stat.crouchOneCm":13263,"stat.mineBlock.minecraft.chest":1,"stat.pickup.minecraft.spider_eye":2,"stat.craftItem.minecraft.iron_ingot":73,"stat.craftItem.minecraft.chest":3,"stat.craftItem.minecraft.torch":64,"stat.pickup.minecraft.dirt":59,"stat.drop.spartanshields.shield_basic_iron":1,"stat.craftingTableInteraction":42,"stat.pickup.minecraft.iron_ore":41,"stat.pickup.minecraft.stone_shovel":4,"stat.pickup.minecraft.gold_ore":11,"stat.mineBlock.minecraft.lapis_ore":4,"stat.damageTaken":3863,"stat.pickup.minecraft.leather":22,"stat.mineBlock.minecraft.furnace":5,"stat.mineBlock.minecraft.red_flower":1,"stat.pickup.minecraft.dye":24,"stat.pickup.minecraft.planks":95,"stat.pickup.minecraft.reeds":10,"stat.pickup.minecraft.wheat_seeds":2,"stat.pickup.minecraft.potato":1,"stat.craftItem.morearmor.cobblestone_armorhelmet":3,"stat.useItem.minecraft.stone_pickaxe":104,"stat.useItem.minecraft.stone_sword":147,"stat.damageDealt":16146,"stat.craftItem.minecraft.glass":5,"stat.killEntity.Cow":24,"stat.mineBlock.minecraft.dirt":40,"stat.killEntity.Pig":17,"stat.craftItem.minecraft.iron_sword":1,"stat.craftItem.minecraft.stone_shovel":1,"stat.walkOneCm":296033,"stat.useItem.minecraft.torch":3,"stat.useItem.minecraft.bread":4,"stat.craftItem.morearmor.cobblestone_armorbody":1,"stat.pickup.minecraft.stick":1,"stat.pickup.minecraft.crafting_table":11,"stat.useItem.minecraft.cobblestone":28,"stat.craftItem.minecraft.crafting_table":2,"stat.mineBlock.minecraft.double_plant":2,"stat.pickup.minecraft.iron_hoe":1,"stat.pickup.minecraft.log":41,"stat.craftItem.morearmor.scute_armorboots":2,"stat.pickup.minecraft.iron_pickaxe":3,"stat.craftItem.minecraft.gold_ingot":11,"stat.pickup.minecraft.stone":31,"stat.pickup.minecraft.sapling":2,"stat.pickup.minecraft.cooked_beef":19,"stat.killEntity.Skeleton":20,"stat.craftItem.travelersbackpack.sleeping_bag_bottom":1,"stat.craftItem.minecraft.bucket":1,"stat.craftItem.minecraft.planks":96,"stat.useItem.minecraft.iron_sword":193,"stat.killEntity.Spider":5,"stat.killEntity.WitherSkeleton":2,"stat.pickup.minecraft.stone_sword":2,"stat.craftItem.minecraft.fishing_rod":1,"stat.pickup.morearmor.cobblestone_armorlegs":1,"stat.mobKills":106,"stat.mineBlock.minecraft.log":40,"stat.pickup.minecraft.water_bucket":4,"stat.mineBlock.minecraft.leaves":8,"stat.pickup.minecraft.torch":183,"stat.pickup.minecraft.red_flower":2,"stat.mineBlock.minecraft.redstone_ore":22,"stat.sneakTime":3578,"stat.pickup.minecraft.wool":1,"stat.pickup.minecraft.spruce_boat":1,"stat.pickup.minecraft.stone_slab":1,"stat.mineBlock.minecraft.stone":185,"stat.useItem.minecraft.fishing_rod":7,"stat.pickup.minecraft.chest":1}