{"stat.pickup.minecraft.pumpkin":4,"stat.walkOneCm":20744,"stat.craftItem.morearmor.cobblestone_armorlegs":1,"stat.craftItem.morearmor.cobblestone_armorbody":1,"stat.pickup.minecraft.stick":1,"stat.pickup.morearmor.scute_armorboots":1,"stat.pickup.minecraft.arrow":4,"stat.mineBlock.minecraft.pumpkin":2,"stat.pickup.minecraft.crafting_table":3,"stat.craftItem.minecraft.cooked_porkchop":2,"stat.pickup.minecraft.stone_pickaxe":1,"stat.pickup.minecraft.stone_axe":2,"stat.craftItem.minecraft.crafting_table":1,"stat.furnaceInteraction":6,"stat.useItem.minecraft.cooked_porkchop":2,"stat.pickup.minecraft.log":21,"stat.pickup.morearmor.cobblestone_armorhelmet":1,"stat.pickup.minecraft.string":3,"stat.craftItem.morearmor.scute_armorboots":1,"stat.jump":234,"stat.swimOneCm":530,"stat.fallOneCm":7822,"stat.pickup.minecraft.furnace":2,"stat.useItem.minecraft.stone_axe":39,"stat.craftItem.minecraft.stone_slab2":0,"stat.pickup.minecraft.porkchop":12,"stat.crouchOneCm":1677,"stat.pickup.minecraft.spider_eye":1,"stat.sprintOneCm":42802,"stat.useItem.minecraft.stone_slab2":3,"stat.craftItem.minecraft.stick":4,"stat.craftingTableInteraction":6,"stat.pickup.minecraft.rotten_flesh":5,"stat.killEntity.Skeleton":2,"stat.pickup.morearmor.cobblestone_armorbody":1,"stat.craftItem.minecraft.planks":84,"stat.craftItem.minecraft.spruce_boat":1,"stat.damageTaken":476,"stat.mineBlock.minecraft.crafting_table":2,"stat.killEntity.Spider":2,"stat.pickup.minecraft.stone_sword":1,"stat.craftItem.minecraft.stone_pickaxe":1,"stat.mineBlock.minecraft.furnace":1,"stat.pickup.morearmor.cobblestone_armorlegs":1,"stat.mobKills":15,"stat.pickup.minecraft.cobblestone":112,"stat.mineBlock.minecraft.log":21,"stat.pickup.minecraft.planks":73,"stat.craftItem.minecraft.stone_sword":1,"stat.flyOneCm":45161,"stat.deaths":1,"stat.pickup.minecraft.chainmail_chestplate":1,"stat.playOneMinute":9037,"stat.killEntity.Witch":1,"stat.craftItem.morearmor.cobblestone_armorhelmet":1,"stat.useItem.minecraft.stone_pickaxe":1,"stat.sneakTime":428,"stat.useItem.minecraft.stone_sword":52,"stat.damageDealt":2278,"stat.pickup.minecraft.spruce_boat":1,"stat.pickup.minecraft.redstone":2,"stat.killEntity.Zombie":4,"stat.timeSinceDeath":2982,"stat.killEntity.Pig":7,"stat.mineBlock.minecraft.tallgrass":7}