{"stat.chestOpened":61,"stat.pickup.minecraft.pumpkin":4,"stat.craftItem.morearmor.cobblestone_armorlegs":2,"stat.pickup.minecraft.bone":28,"stat.useItem.minecraft.stone":4,"stat.leaveGame":1,"stat.pickup.minecraft.arrow":13,"stat.mineBlock.minecraft.pumpkin":2,"stat.craftItem.minecraft.cooked_porkchop":15,"stat.mineBlock.minecraft.cobblestone":1,"stat.pickup.minecraft.stone_pickaxe":1,"stat.pickup.minecraft.stone_axe":2,"stat.useItem.minecraft.apple":5,"stat.craftItem.minecraft.wool":4,"stat.pickup.morearmor.cobblestone_armorhelmet":1,"stat.useItem.minecraft.rotten_flesh":11,"stat.drop.minecraft.cooked_porkchop":7,"stat.craftItem.travelersbackpack.backpack_tank":2,"stat.jump":1501,"stat.swimOneCm":8827,"stat.pickup.minecraft.coal":54,"stat.fallOneCm":46332,"stat.drop.minecraft.dye":3,"stat.useItem.minecraft.stone_axe":80,"stat.pickup.minecraft.porkchop":32,"stat.craftItem.minecraft.bread":1,"stat.crouchOneCm":13021,"stat.pickup.minecraft.glass":16,"stat.mineBlock.minecraft.chest":1,"stat.pickup.minecraft.spider_eye":2,"stat.craftItem.minecraft.iron_ingot":73,"stat.craftItem.minecraft.chest":3,"stat.craftItem.minecraft.torch":64,"stat.pickup.minecraft.dirt":48,"stat.useItem.minecraft.dirt":15,"stat.useItem.minecraft.stone_slab2":27,"stat.pickup.minecraft.bow":2,"stat.drop.spartanshields.shield_basic_iron":1,"stat.useItem.minecraft.water_bucket":9,"stat.craftingTableInteraction":42,"stat.pickup.minecraft.iron_ore":41,"stat.pickup.minecraft.rotten_flesh":23,"stat.pickup.minecraft.sand":27,"stat.craftItem.minecraft.furnace":2,"stat.pickup.minecraft.gold_ore":11,"stat.mineBlock.minecraft.lapis_ore":4,"stat.pickup.minecraft.brick_block":15,"stat.pickup.morearmor.cobblestone_armorbody":1,"stat.craftItem.spartanshields.shield_basic_iron":2,"stat.craftItem.minecraft.spruce_boat":1,"stat.damageTaken":2102,"stat.pickup.minecraft.leather":11,"stat.craftItem.minecraft.stone_pickaxe":1,"stat.mineBlock.minecraft.furnace":4,"stat.mineBlock.minecraft.red_flower":1,"stat.craftItem.aether_legacy.iron_ring":2,"stat.craftItem.minecraft.cooked_beef":7,"stat.pickup.minecraft.cobblestone":365,"stat.pickup.minecraft.dye":24,"stat.pickup.minecraft.planks":73,"stat.useItem.minecraft.stone_shovel":52,"stat.pickup.minecraft.reeds":7,"stat.craftItem.minecraft.stone_sword":1,"stat.useItem.minecraft.brick_block":12,"stat.flyOneCm":236648,"stat.pickup.minecraft.chainmail_chestplate":1,"stat.pickup.minecraft.wheat_seeds":1,"stat.mineBlock.minecraft.sand":21,"stat.killEntity.Witch":1,"stat.craftItem.morearmor.cobblestone_armorhelmet":3,"stat.useItem.minecraft.stone_pickaxe":104,"stat.useItem.minecraft.cooked_beef":5,"stat.useItem.minecraft.stone_sword":147,"stat.damageDealt":9536,"stat.craftItem.minecraft.glass":5,"stat.pickup.minecraft.redstone":136,"stat.mineBlock.minecraft.iron_ore":41,"stat.timeSinceDeath":75641,"stat.craftItem.spartanshields.shield_basic_wood":2,"stat.killEntity.Cow":13,"stat.mineBlock.minecraft.dirt":29,"stat.useItem.minecraft.iron_pickaxe":215,"stat.killEntity.Pig":17,"stat.craftItem.minecraft.iron_sword":1,"stat.pickup.minecraft.mutton":2,"stat.mineBlock.minecraft.brick_block":15,"stat.craftItem.minecraft.stone_shovel":1,"stat.walkOneCm":230255,"stat.craftItem.minecraft.bed":1,"stat.useItem.minecraft.torch":3,"stat.useItem.minecraft.bread":4,"stat.craftItem.morearmor.cobblestone_armorbody":1,"stat.pickup.minecraft.stick":1,"stat.pickup.morearmor.scute_armorboots":1,"stat.pickup.minecraft.crafting_table":11,"stat.pickup.sexmod.allies_lamp":1,"stat.useItem.minecraft.cobblestone":28,"stat.pickup.aether_legacy.iron_ring":1,"stat.craftItem.minecraft.crafting_table":2,"stat.furnaceInteraction":52,"stat.craftItem.aether_legacy.iron_gloves":2,"stat.useItem.minecraft.cooked_porkchop":8,"stat.mineBlock.minecraft.double_plant":1,"stat.mineBlock.minecraft.coal_ore":55,"stat.pickup.minecraft.iron_hoe":1,"stat.pickup.minecraft.log":22,"stat.pickup.minecraft.string":6,"stat.craftItem.morearmor.scute_armorboots":2,"stat.pickup.minecraft.beef":26,"stat.pickup.minecraft.furnace":3,"stat.craftItem.minecraft.stone_slab2":0,"stat.craftItem.minecraft.gold_ingot":11,"stat.pickup.minecraft.stone":28,"stat.craftItem.travelersbackpack.travelers_backpack":1,"stat.sprintOneCm":292345,"stat.pickup.minecraft.cooked_beef":17,"stat.craftItem.minecraft.stick":44,"stat.killEntity.Skeleton":13,"stat.craftItem.travelersbackpack.sleeping_bag_bottom":1,"stat.drop.aether_legacy.iron_gloves":1,"stat.craftItem.minecraft.bucket":1,"stat.craftItem.minecraft.planks":88,"stat.useItem.minecraft.iron_sword":60,"stat.craftItem.minecraft.stone":4,"stat.mineBlock.minecraft.crafting_table":11,"stat.killEntity.Spider":5,"stat.killEntity.WitherSkeleton":1,"stat.pickup.minecraft.stone_sword":1,"stat.craftItem.minecraft.fishing_rod":1,"stat.pickup.morearmor.cobblestone_armorlegs":1,"stat.mobKills":69,"stat.mineBlock.minecraft.log":21,"stat.useItem.minecraft.beef":2,"stat.deaths":1,"stat.drop":10,"stat.mineBlock.minecraft.leaves":4,"stat.pickup.minecraft.egg":6,"stat.playOneMinute":81696,"stat.killEntity.Sheep":1,"stat.pickup.minecraft.red_flower":2,"stat.mineBlock.minecraft.redstone_ore":22,"stat.sneakTime":3392,"stat.craftItem.minecraft.iron_pickaxe":1,"stat.pickup.minecraft.wool":1,"stat.pickup.minecraft.spruce_boat":1,"stat.killEntity.Zombie":16,"stat.craftItem.minecraft.dye":4,"stat.pickup.minecraft.stone_slab":1,"stat.mineBlock.minecraft.stone":158,"stat.mineBlock.minecraft.gold_ore":11,"stat.mineBlock.minecraft.tallgrass":17,"stat.craftItem.minecraft.cooked_mutton":2,"stat.diveOneCm":8116,"stat.useItem.minecraft.fishing_rod":7,"stat.pickup.minecraft.chest":1}