{"stat.chestOpened":4,"stat.pickup.minecraft.pumpkin":4,"stat.craftItem.morearmor.cobblestone_armorlegs":2,"stat.pickup.minecraft.bone":9,"stat.pickup.minecraft.arrow":7,"stat.mineBlock.minecraft.pumpkin":2,"stat.craftItem.minecraft.cooked_porkchop":15,"stat.mineBlock.minecraft.cobblestone":1,"stat.pickup.minecraft.stone_pickaxe":1,"stat.pickup.minecraft.stone_axe":2,"stat.useItem.minecraft.apple":5,"stat.craftItem.minecraft.wool":3,"stat.pickup.morearmor.cobblestone_armorhelmet":1,"stat.drop.minecraft.cooked_porkchop":7,"stat.jump":601,"stat.swimOneCm":817,"stat.fallOneCm":20231,"stat.useItem.minecraft.stone_axe":66,"stat.pickup.minecraft.porkchop":32,"stat.crouchOneCm":9667,"stat.pickup.minecraft.spider_eye":2,"stat.craftItem.minecraft.iron_ingot":26,"stat.pickup.minecraft.dirt":29,"stat.useItem.minecraft.dirt":11,"stat.useItem.minecraft.stone_slab2":13,"stat.craftingTableInteraction":15,"stat.pickup.minecraft.iron_ore":22,"stat.pickup.minecraft.rotten_flesh":12,"stat.mineBlock.minecraft.lapis_ore":4,"stat.pickup.morearmor.cobblestone_armorbody":1,"stat.craftItem.minecraft.spruce_boat":1,"stat.damageTaken":1091,"stat.craftItem.minecraft.stone_pickaxe":1,"stat.mineBlock.minecraft.furnace":2,"stat.pickup.minecraft.cobblestone":204,"stat.pickup.minecraft.dye":24,"stat.pickup.minecraft.planks":73,"stat.useItem.minecraft.stone_shovel":31,"stat.pickup.minecraft.reeds":7,"stat.craftItem.minecraft.stone_sword":1,"stat.flyOneCm":122042,"stat.pickup.minecraft.chainmail_chestplate":1,"stat.pickup.minecraft.wheat_seeds":1,"stat.killEntity.Witch":1,"stat.craftItem.morearmor.cobblestone_armorhelmet":2,"stat.useItem.minecraft.stone_pickaxe":104,"stat.useItem.minecraft.stone_sword":132,"stat.damageDealt":5638,"stat.pickup.minecraft.redstone":67,"stat.mineBlock.minecraft.iron_ore":22,"stat.timeSinceDeath":27282,"stat.mineBlock.minecraft.dirt":29,"stat.useItem.minecraft.iron_pickaxe":54,"stat.killEntity.Pig":17,"stat.craftItem.minecraft.stone_shovel":1,"stat.walkOneCm":68182,"stat.craftItem.minecraft.bed":1,"stat.craftItem.morearmor.cobblestone_armorbody":1,"stat.pickup.minecraft.stick":1,"stat.pickup.morearmor.scute_armorboots":1,"stat.pickup.minecraft.crafting_table":10,"stat.useItem.minecraft.cobblestone":19,"stat.craftItem.minecraft.crafting_table":1,"stat.furnaceInteraction":18,"stat.useItem.minecraft.cooked_porkchop":7,"stat.pickup.minecraft.log":21,"stat.pickup.minecraft.string":5,"stat.craftItem.morearmor.scute_armorboots":2,"stat.pickup.minecraft.furnace":3,"stat.craftItem.minecraft.stone_slab2":0,"stat.pickup.minecraft.stone":14,"stat.sprintOneCm":99747,"stat.craftItem.minecraft.stick":12,"stat.killEntity.Skeleton":6,"stat.craftItem.minecraft.bucket":1,"stat.craftItem.minecraft.planks":84,"stat.craftItem.minecraft.stone":4,"stat.mineBlock.minecraft.crafting_table":9,"stat.killEntity.Spider":4,"stat.pickup.minecraft.stone_sword":1,"stat.craftItem.minecraft.fishing_rod":1,"stat.pickup.morearmor.cobblestone_armorlegs":1,"stat.mobKills":41,"stat.mineBlock.minecraft.log":21,"stat.deaths":1,"stat.drop":7,"stat.playOneMinute":33337,"stat.mineBlock.minecraft.redstone_ore":14,"stat.sneakTime":2350,"stat.craftItem.minecraft.iron_pickaxe":1,"stat.pickup.minecraft.spruce_boat":1,"stat.killEntity.Zombie":12,"stat.mineBlock.minecraft.stone":107,"stat.mineBlock.minecraft.tallgrass":16,"stat.diveOneCm":1341,"stat.useItem.minecraft.fishing_rod":7}