{"stat.chestOpened":28,"stat.pickup.minecraft.pumpkin":4,"stat.craftItem.morearmor.cobblestone_armorlegs":2,"stat.pickup.minecraft.bone":15,"stat.useItem.minecraft.stone":4,"stat.pickup.minecraft.arrow":10,"stat.mineBlock.minecraft.pumpkin":2,"stat.craftItem.minecraft.cooked_porkchop":15,"stat.mineBlock.minecraft.cobblestone":1,"stat.pickup.minecraft.stone_pickaxe":1,"stat.pickup.minecraft.stone_axe":2,"stat.useItem.minecraft.apple":5,"stat.craftItem.minecraft.wool":3,"stat.pickup.morearmor.cobblestone_armorhelmet":1,"stat.useItem.minecraft.rotten_flesh":6,"stat.drop.minecraft.cooked_porkchop":7,"stat.jump":940,"stat.swimOneCm":1182,"stat.pickup.minecraft.coal":54,"stat.fallOneCm":27072,"stat.useItem.minecraft.stone_axe":76,"stat.pickup.minecraft.porkchop":32,"stat.craftItem.minecraft.bread":1,"stat.crouchOneCm":12408,"stat.pickup.minecraft.spider_eye":2,"stat.craftItem.minecraft.iron_ingot":68,"stat.craftItem.minecraft.chest":1,"stat.craftItem.minecraft.torch":64,"stat.pickup.minecraft.dirt":30,"stat.useItem.minecraft.dirt":15,"stat.useItem.minecraft.stone_slab2":20,"stat.drop.spartanshields.shield_basic_iron":1,"stat.useItem.minecraft.water_bucket":1,"stat.craftingTableInteraction":30,"stat.pickup.minecraft.iron_ore":41,"stat.pickup.minecraft.rotten_flesh":16,"stat.pickup.minecraft.gold_ore":11,"stat.mineBlock.minecraft.lapis_ore":4,"stat.pickup.minecraft.brick_block":15,"stat.pickup.morearmor.cobblestone_armorbody":1,"stat.craftItem.spartanshields.shield_basic_iron":2,"stat.craftItem.minecraft.spruce_boat":1,"stat.damageTaken":1481,"stat.craftItem.minecraft.stone_pickaxe":1,"stat.mineBlock.minecraft.furnace":2,"stat.craftItem.aether_legacy.iron_ring":2,"stat.pickup.minecraft.cobblestone":251,"stat.pickup.minecraft.dye":24,"stat.pickup.minecraft.planks":73,"stat.useItem.minecraft.stone_shovel":31,"stat.pickup.minecraft.reeds":7,"stat.craftItem.minecraft.stone_sword":1,"stat.useItem.minecraft.brick_block":12,"stat.flyOneCm":157561,"stat.pickup.minecraft.chainmail_chestplate":1,"stat.pickup.minecraft.wheat_seeds":1,"stat.killEntity.Witch":1,"stat.craftItem.morearmor.cobblestone_armorhelmet":3,"stat.useItem.minecraft.stone_pickaxe":104,"stat.useItem.minecraft.stone_sword":147,"stat.damageDealt":7348,"stat.pickup.minecraft.redstone":100,"stat.mineBlock.minecraft.iron_ore":41,"stat.timeSinceDeath":51582,"stat.craftItem.spartanshields.shield_basic_wood":2,"stat.mineBlock.minecraft.dirt":29,"stat.useItem.minecraft.iron_pickaxe":213,"stat.killEntity.Pig":17,"stat.craftItem.minecraft.iron_sword":1,"stat.mineBlock.minecraft.brick_block":15,"stat.craftItem.minecraft.stone_shovel":1,"stat.walkOneCm":147241,"stat.craftItem.minecraft.bed":1,"stat.useItem.minecraft.torch":3,"stat.useItem.minecraft.bread":4,"stat.craftItem.morearmor.cobblestone_armorbody":1,"stat.pickup.minecraft.stick":1,"stat.pickup.morearmor.scute_armorboots":1,"stat.pickup.minecraft.crafting_table":11,"stat.pickup.sexmod.allies_lamp":1,"stat.useItem.minecraft.cobblestone":19,"stat.pickup.aether_legacy.iron_ring":1,"stat.craftItem.minecraft.crafting_table":1,"stat.furnaceInteraction":36,"stat.craftItem.aether_legacy.iron_gloves":2,"stat.useItem.minecraft.cooked_porkchop":8,"stat.mineBlock.minecraft.coal_ore":55,"stat.pickup.minecraft.log":21,"stat.pickup.minecraft.string":6,"stat.craftItem.morearmor.scute_armorboots":2,"stat.pickup.minecraft.furnace":3,"stat.craftItem.minecraft.stone_slab2":0,"stat.pickup.minecraft.stone":24,"stat.sprintOneCm":167022,"stat.craftItem.minecraft.stick":44,"stat.killEntity.Skeleton":11,"stat.drop.aether_legacy.iron_gloves":1,"stat.craftItem.minecraft.bucket":1,"stat.craftItem.minecraft.planks":84,"stat.useItem.minecraft.iron_sword":18,"stat.craftItem.minecraft.stone":4,"stat.mineBlock.minecraft.crafting_table":10,"stat.killEntity.Spider":5,"stat.pickup.minecraft.stone_sword":1,"stat.craftItem.minecraft.fishing_rod":1,"stat.pickup.morearmor.cobblestone_armorlegs":1,"stat.mobKills":50,"stat.mineBlock.minecraft.log":21,"stat.deaths":1,"stat.drop":9,"stat.playOneMinute":57637,"stat.mineBlock.minecraft.redstone_ore":22,"stat.sneakTime":3250,"stat.craftItem.minecraft.iron_pickaxe":1,"stat.pickup.minecraft.spruce_boat":1,"stat.killEntity.Zombie":15,"stat.mineBlock.minecraft.stone":158,"stat.mineBlock.minecraft.gold_ore":11,"stat.mineBlock.minecraft.tallgrass":16,"stat.diveOneCm":1341,"stat.useItem.minecraft.fishing_rod":7}