{"stat.chestOpened":4,"stat.craftItem.minecraft.stone_shovel":1,"stat.pickup.minecraft.pumpkin":4,"stat.walkOneCm":51561,"stat.craftItem.morearmor.cobblestone_armorlegs":2,"stat.pickup.minecraft.bone":9,"stat.craftItem.morearmor.cobblestone_armorbody":1,"stat.pickup.minecraft.stick":1,"stat.pickup.morearmor.scute_armorboots":1,"stat.pickup.minecraft.arrow":7,"stat.mineBlock.minecraft.pumpkin":2,"stat.pickup.minecraft.crafting_table":6,"stat.craftItem.minecraft.cooked_porkchop":15,"stat.pickup.minecraft.stone_pickaxe":1,"stat.useItem.minecraft.cobblestone":14,"stat.pickup.minecraft.stone_axe":2,"stat.craftItem.minecraft.crafting_table":1,"stat.furnaceInteraction":12,"stat.useItem.minecraft.cooked_porkchop":6,"stat.useItem.minecraft.apple":2,"stat.pickup.minecraft.log":21,"stat.pickup.morearmor.cobblestone_armorhelmet":1,"stat.pickup.minecraft.string":3,"stat.drop.minecraft.cooked_porkchop":7,"stat.craftItem.morearmor.scute_armorboots":2,"stat.jump":528,"stat.swimOneCm":817,"stat.fallOneCm":16703,"stat.pickup.minecraft.furnace":3,"stat.useItem.minecraft.stone_axe":62,"stat.craftItem.minecraft.stone_slab2":0,"stat.pickup.minecraft.porkchop":32,"stat.crouchOneCm":5802,"stat.pickup.minecraft.spider_eye":1,"stat.pickup.minecraft.dirt":29,"stat.useItem.minecraft.dirt":8,"stat.sprintOneCm":86414,"stat.useItem.minecraft.stone_slab2":7,"stat.craftItem.minecraft.stick":12,"stat.craftingTableInteraction":9,"stat.pickup.minecraft.rotten_flesh":12,"stat.killEntity.Skeleton":6,"stat.pickup.morearmor.cobblestone_armorbody":1,"stat.craftItem.minecraft.planks":84,"stat.craftItem.minecraft.spruce_boat":1,"stat.damageTaken":872,"stat.mineBlock.minecraft.crafting_table":5,"stat.killEntity.Spider":2,"stat.pickup.minecraft.stone_sword":1,"stat.craftItem.minecraft.fishing_rod":1,"stat.craftItem.minecraft.stone_pickaxe":1,"stat.mineBlock.minecraft.furnace":2,"stat.pickup.morearmor.cobblestone_armorlegs":1,"stat.mobKills":38,"stat.pickup.minecraft.cobblestone":112,"stat.mineBlock.minecraft.log":21,"stat.pickup.minecraft.planks":73,"stat.useItem.minecraft.stone_shovel":31,"stat.craftItem.minecraft.stone_sword":1,"stat.flyOneCm":109167,"stat.deaths":1,"stat.pickup.minecraft.chainmail_chestplate":1,"stat.drop":7,"stat.pickup.minecraft.wheat_seeds":1,"stat.playOneMinute":20737,"stat.killEntity.Witch":1,"stat.craftItem.morearmor.cobblestone_armorhelmet":2,"stat.useItem.minecraft.stone_pickaxe":10,"stat.sneakTime":1284,"stat.useItem.minecraft.stone_sword":111,"stat.damageDealt":5119,"stat.pickup.minecraft.spruce_boat":1,"stat.pickup.minecraft.redstone":2,"stat.killEntity.Zombie":11,"stat.timeSinceDeath":14682,"stat.mineBlock.minecraft.dirt":29,"stat.killEntity.Pig":17,"stat.mineBlock.minecraft.tallgrass":13,"stat.diveOneCm":1341,"stat.useItem.minecraft.fishing_rod":7}