{"stat.useItem.minecraft.bow":21,"stat.leaveGame":5,"stat.useItem.minecraft.soul_sand":3,"stat.useItem.minecraft.mutton":1,"stat.pickup.minecraft.fishing_rod":3,"stat.useItem.minecraft.planks":75,"stat.mineBlock.minecraft.web":91,"stat.pickup.minecraft.glowstone_dust":12,"stat.pickup.minecraft.porkchop":32,"stat.pickup.minecraft.glass":16,"stat.useItem.minecraft.water_bucket":26,"stat.mineBlock.minecraft.stone_brick_stairs":6,"stat.pickup.minecraft.rotten_flesh":128,"stat.pickup.minecraft.sand":33,"stat.pickup.minecraft.brick_block":15,"stat.pickup.minecraft.leather_boots":1,"stat.craftItem.minecraft.stone_sword":1,"stat.pickup.minecraft.chainmail_chestplate":6,"stat.pickup.minecraft.brown_mushroom":1,"stat.mineBlock.minecraft.sand":21,"stat.killEntity.Witch":1,"stat.drop.minecraft.gold_ingot":20,"stat.craftItem.spartanshields.shield_basic_wood":2,"stat.hopperInspected":2,"stat.useItem.minecraft.iron_pickaxe":769,"stat.useItem.minecraft.iron_shovel":101,"stat.mineBlock.minecraft.brick_block":15,"stat.craftItem.minecraft.bed":1,"stat.trappedChestTriggered":5,"stat.mineBlock.minecraft.vine":1,"stat.pickup.sexmod.allies_lamp":7,"stat.furnaceInteraction":85,"stat.pickup.minecraft.nether_brick":5,"stat.entityKilledBy.WitherSkeleton":1,"stat.pickup.minecraft.beef":81,"stat.pickup.minecraft.furnace":6,"stat.useItem.minecraft.cooked_mutton":2,"stat.mineBlock.minecraft.redstone_lamp":1,"stat.craftItem.travelersbackpack.travelers_backpack":1,"stat.pickup.minecraft.leather_helmet":2,"stat.pickup.minecraft.iron_chestplate":1,"stat.pickup.minecraft.skull":3,"stat.mineBlock.minecraft.soul_sand":5,"stat.useItem.minecraft.beef":2,"stat.deaths":8,"stat.pickup.minecraft.egg":8,"stat.playOneMinute":262855,"stat.mineBlock.minecraft.stone_pressure_plate":3,"stat.craftItem.minecraft.iron_pickaxe":1,"stat.pickup.minecraft.diamond_block":1,"stat.pickup.minecraft.iron_bars":29,"stat.drop.minecraft.glass_bottle":1,"stat.mineBlock.minecraft.tallgrass":30,"stat.craftItem.minecraft.cooked_mutton":2,"stat.pickup.minecraft.netherrack":6,"stat.chestOpened":152,"stat.pickup.minecraft.pumpkin":4,"stat.useItem.minecraft.stone":4,"stat.mineBlock.minecraft.netherrack":5,"stat.pickup.minecraft.arrow":79,"stat.pickup.minecraft.iron_sword":9,"stat.fallOneCm":82546,"stat.drop.minecraft.dye":3,"stat.pickup.minecraft.carrot":1,"stat.pickup.minecraft.melon_seeds":12,"stat.crouchOneCm":33053,"stat.mineBlock.minecraft.chest":2,"stat.craftItem.minecraft.diamond":9,"stat.craftItem.minecraft.iron_ingot":73,"stat.craftItem.minecraft.chest":3,"stat.craftingTableInteraction":48,"stat.useItem.minecraft.furnace":1,"stat.pickup.minecraft.dye":24,"stat.pickup.minecraft.planks":119,"stat.pickup.minecraft.iron_leggings":2,"stat.pickup.minecraft.wheat_seeds":5,"stat.mineBlock.minecraft.gravel":63,"stat.useItem.minecraft.stone_pickaxe":104,"stat.useItem.minecraft.stone_sword":147,"stat.mineBlock.minecraft.dirt":58,"stat.useItem.minecraft.torch":3,"stat.useItem.minecraft.bread":11,"stat.pickup.minecraft.crafting_table":12,"stat.useItem.minecraft.cobblestone":417,"stat.craftItem.minecraft.crafting_table":2,"stat.mineBlock.minecraft.double_plant":2,"stat.pickup.minecraft.iron_hoe":1,"stat.pickup.minecraft.redstone_block":1,"stat.pickup.minecraft.log":101,"stat.craftItem.morearmor.scute_armorboots":2,"stat.pickup.minecraft.iron_pickaxe":4,"stat.craftItem.minecraft.gold_ingot":11,"stat.drop.minecraft.sapling":1,"stat.pickup.minecraft.chainmail_leggings":1,"stat.pickup.minecraft.sapling":5,"stat.pickup.minecraft.apple":26,"stat.pickup.minecraft.coal_block":1,"stat.craftItem.minecraft.bucket":1,"stat.craftItem.minecraft.planks":152,"stat.useItem.minecraft.iron_sword":794,"stat.killEntity.WitherSkeleton":2,"stat.pickup.minecraft.stone_sword":2,"stat.craftItem.minecraft.fishing_rod":2,"stat.pickup.morearmor.cobblestone_armorlegs":1,"stat.pickup.minecraft.book":33,"stat.useItem.minecraft.stonebrick":17,"stat.mineBlock.minecraft.log":54,"stat.pickup.minecraft.iron_door":1,"stat.pickup.minecraft.red_flower":5,"stat.sneakTime":10290,"stat.pickup.minecraft.wool":11,"stat.pickup.minecraft.stone_slab":4,"stat.useItem.minecraft.fishing_rod":84,"stat.pickup.minecraft.chest":2,"stat.craftItem.morearmor.cobblestone_armorlegs":2,"stat.pickup.minecraft.bone":106,"stat.pickup.minecraft.stone_pressure_plate":3,"stat.pickup.minecraft.redstone_torch":1,"stat.horseOneCm":14153,"stat.useItem.minecraft.iron_axe":38,"stat.mineBlock.minecraft.pumpkin":2,"stat.mineBlock.minecraft.cobblestone":60,"stat.pickup.minecraft.stone_pickaxe":1,"stat.pickup.minecraft.flint":8,"stat.entityKilledBy.galath":2,"stat.craftItem.minecraft.wool":4,"stat.pickup.morearmor.cobblestone_armorhelmet":5,"stat.swimOneCm":28920,"stat.mineBlock.minecraft.diamond_block":1,"stat.climbOneCm":936,"stat.pickup.spartanshields.shield_basic_iron":7,"stat.useItem.minecraft.dirt":57,"stat.useItem.minecraft.stone_slab2":50,"stat.pickup.minecraft.bow":7,"stat.pickup.minecraft.iron_boots":1,"stat.craftItem.minecraft.furnace":2,"stat.pickup.aether_legacy.iron_gloves":5,"stat.pickup.morearmor.cobblestone_armorbody":1,"stat.craftItem.spartanshields.shield_basic_iron":2,"stat.craftItem.minecraft.spruce_boat":1,"stat.pickup.minecraft.anvil":1,"stat.craftItem.minecraft.stone_pickaxe":1,"stat.craftItem.aether_legacy.iron_ring":2,"stat.craftItem.minecraft.cooked_beef":33,"stat.mineBlock.minecraft.obsidian":7,"stat.pickup.minecraft.cobblestone":562,"stat.pickup.minecraft.record_chirp":1,"stat.craftItem.minecraft.bow":3,"stat.mineBlock.minecraft.redstone_block":1,"stat.useItem.minecraft.stone_shovel":52,"stat.craftItem.cloudboots.golden_feather":4,"stat.useItem.minecraft.brick_block":12,"stat.drop.aether_legacy.iron_ring":5,"stat.flyOneCm":862416,"stat.pickup.minecraft.soul_sand":5,"stat.useItem.minecraft.cooked_beef":38,"stat.pickup.minecraft.redstone":136,"stat.mineBlock.minecraft.iron_ore":41,"stat.timeSinceDeath":90272,"stat.pickup.minecraft.mutton":13,"stat.pickup.minecraft.mossy_cobblestone":4,"stat.pickup.travelersbackpack.travelers_backpack":3,"stat.pickup.morearmor.scute_armorboots":7,"stat.mineBlock.minecraft.coal_block":1,"stat.pickup.minecraft.nether_wart":19,"stat.pickup.aether_legacy.iron_ring":6,"stat.pickup.minecraft.stonebrick":179,"stat.craftItem.aether_legacy.iron_gloves":2,"stat.pickup.minecraft.redstone_lamp":1,"stat.useItem.minecraft.cooked_porkchop":10,"stat.pickup.minecraft.iron_shovel":2,"stat.mineBlock.minecraft.coal_ore":55,"stat.mineBlock.minecraft.nether_brick":10,"stat.pickup.minecraft.shield":2,"stat.killEntity.Creeper":3,"stat.pickup.minecraft.string":138,"stat.craftItem.minecraft.stone_slab2":0,"stat.sprintOneCm":754213,"stat.craftItem.minecraft.stick":44,"stat.drop.aether_legacy.iron_gloves":6,"stat.craftItem.minecraft.stone":4,"stat.mineBlock.minecraft.crafting_table":12,"stat.mineBlock.minecraft.quartz_block":6,"stat.useItem.minecraft.diamond_pickaxe":19,"stat.useItem.minecraft.carrot":1,"stat.pickup.minecraft.leather_leggings":1,"stat.mineBlock.minecraft.planks":8,"stat.drop":24,"stat.killEntity.Sheep":9,"stat.killEntity.Zombie":94,"stat.craftItem.minecraft.dye":5,"stat.mineBlock.minecraft.gold_ore":11,"stat.diveOneCm":27329,"stat.mineBlock.minecraft.mossy_cobblestone":6,"stat.pickup.minecraft.gravel":51,"stat.craftItem.minecraft.cooked_porkchop":15,"stat.mineBlock.minecraft.anvil":1,"stat.pickup.minecraft.stone_axe":6,"stat.useItem.minecraft.apple":5,"stat.pickup.minecraft.obsidian":7,"stat.useItem.minecraft.potion":1,"stat.useItem.minecraft.rotten_flesh":11,"stat.drop.minecraft.cooked_porkchop":18,"stat.pickup.minecraft.stone_brick_stairs":6,"stat.craftItem.travelersbackpack.backpack_tank":2,"stat.jump":3800,"stat.pickup.minecraft.coal":76,"stat.pickup.minecraft.iron_helmet":2,"stat.useItem.minecraft.stone_axe":92,"stat.craftItem.minecraft.bread":1,"stat.pickup.minecraft.gunpowder":6,"stat.pickup.minecraft.spider_eye":11,"stat.craftItem.minecraft.torch":64,"stat.pickup.minecraft.dirt":83,"stat.drop.spartanshields.shield_basic_iron":1,"stat.pickup.minecraft.iron_ore":41,"stat.pickup.minecraft.stone_shovel":4,"stat.pickup.minecraft.gold_ore":11,"stat.mineBlock.minecraft.iron_bars":30,"stat.mineBlock.minecraft.lapis_ore":4,"stat.pickup.minecraft.iron_axe":4,"stat.damageTaken":10019,"stat.pickup.minecraft.leather":34,"stat.mineBlock.minecraft.furnace":7,"stat.mineBlock.minecraft.red_flower":3,"stat.dispenserInspected":1,"stat.pickup.minecraft.reeds":10,"stat.killEntity.CaveSpider":5,"stat.pickup.minecraft.bed":1,"stat.pickup.minecraft.quartz_block":3,"stat.pickup.minecraft.potato":12,"stat.entityKilledBy.Zombie":1,"stat.craftItem.morearmor.cobblestone_armorhelmet":3,"stat.damageDealt":39982,"stat.craftItem.minecraft.glass":5,"stat.sleepInBed":2,"stat.killEntity.Cow":35,"stat.killEntity.Pig":17,"stat.craftItem.minecraft.iron_sword":1,"stat.craftItem.minecraft.stone_shovel":1,"stat.walkOneCm":587394,"stat.craftItem.morearmor.cobblestone_armorbody":1,"stat.pickup.minecraft.stick":1,"stat.pickup.minecraft.tnt":28,"stat.pickup.minecraft.stone":49,"stat.pickup.minecraft.cooked_beef":38,"stat.pickup.minecraft.gold_ingot":3,"stat.useItem.minecraft.netherrack":1,"stat.killEntity.Skeleton":42,"stat.craftItem.travelersbackpack.sleeping_bag_bottom":1,"stat.mineBlock.minecraft.tnt":28,"stat.mineBlock.minecraft.stonebrick":186,"stat.killEntity.Spider":15,"stat.pickup.minecraft.bread":4,"stat.mineBlock.minecraft.quartz_ore":1,"stat.mineBlock.minecraft.glowstone":5,"stat.mobKills":241,"stat.mineBlock.minecraft.bookshelf":10,"stat.useItem.minecraft.golden_apple":8,"stat.pickup.minecraft.water_bucket":6,"stat.mineBlock.minecraft.leaves":17,"stat.pickup.minecraft.torch":252,"stat.mineBlock.minecraft.redstone_ore":22,"stat.pickup.minecraft.spruce_boat":1,"stat.mineBlock.minecraft.stone":327}