{"stat.pickup.minecraft.bone":2,"stat.drop.minecraft.wooden_pickaxe":1,"stat.leaveGame":1,"stat.pickup.minecraft.arrow":2,"stat.pickup.minecraft.stone_pickaxe":3,"stat.pickup.toughasnails.charcoal_filter":65,"stat.mineBlock.srparasites.gore":2,"stat.useItem.minecraft.porkchop":2,"stat.useItem.minecraft.rotten_flesh":1,"stat.useItem.sapturretmod.turret_revolver":15,"stat.useItem.minecraft.mutton":2,"stat.jump":460,"stat.swimOneCm":886,"stat.pickup.minecraft.coal":26,"stat.fallOneCm":3460,"stat.useItem.minecraft.planks":1,"stat.drop.toughasnails.canteen":1,"stat.drop.minecraft.cobblestone":1,"stat.pickup.minecraft.carrot":1,"stat.pickup.minecraft.porkchop":2,"stat.pickup.minecraft.gunpowder":8,"stat.crouchOneCm":1597,"stat.craftItem.minecraft.iron_ingot":4,"stat.craftItem.minecraft.chest":2,"stat.pickup.toughasnails.rain_collector":1,"stat.pickup.minecraft.dirt":5,"stat.useItem.minecraft.stone_slab2":419,"stat.pickup.nocubessrparmory.gorearmorlegs":2,"stat.pickup.toughasnails.wool_chestplate":3,"stat.drop.minecraft.bed":2,"stat.pickup.srparasites.ada_longarms_drop":1,"stat.pickup.minecraft.iron_ore":15,"stat.craftingTableInteraction":4,"stat.pickup.minecraft.rotten_flesh":3,"stat.pickup.nocubessrparmory.gorearmorbody":2,"stat.pickup.minecraft.wooden_pickaxe":2,"stat.pickup.minecraft.leather":36,"stat.damageTaken":1351,"stat.useItem.quark.cooked_crab_leg":64,"stat.drop.srparasites.weapon_sword_sentient":1,"stat.craftItem.minecraft.cooked_beef":2,"stat.pickup.minecraft.cobblestone":28,"stat.pickup.srparasites.assimilated_flesh":23,"stat.pickup.minecraft.leather_boots":1,"stat.useItem.sapturretmod.turret_minigun":16,"stat.pickup.minecraft.planks":18,"stat.pickup.minecraft.reeds":2,"stat.flyOneCm":594636,"stat.pickup.minecraft.bed":4,"stat.pickup.minecraft.wheat_seeds":12,"stat.pickup.toughasnails.wool_helmet":2,"stat.useItem.minecraft.stone_pickaxe":12,"stat.useItem.minecraft.cooked_beef":2,"stat.killEntity.Villager":1,"stat.pickup.quark.tallow":1,"stat.damageDealt":4272,"stat.mineBlock.minecraft.iron_ore":9,"stat.sleepInBed":2,"stat.timeSinceDeath":3748,"stat.killEntity.Cow":4,"stat.mineBlock.minecraft.dirt":3,"stat.useItem.sapturretmod.turret_flamethrower":1,"stat.killEntity.Pig":1,"stat.drop.minecraft.reeds":2,"stat.pickup.minecraft.mutton":2,"stat.useItem.srparasites.weapon_sword_sentient":51,"stat.walkOneCm":163839,"stat.useItem.minecraft.chest":1,"stat.pickup.nocubessrpnests.nestegg":1,"stat.drop.nocubessrpnests.nestegg":2,"stat.drop.srparasites.itemmobspawner_infsheephead":1,"stat.pickup.minecraft.stick":6,"stat.pickup.minecraft.wooden_axe":3,"stat.drop.minecraft.rotten_flesh":2,"stat.drop.toughasnails.wool_helmet":1,"stat.drop.toughasnails.charcoal_filter":1,"stat.furnaceInteraction":20,"stat.killEntity.Wolf":1,"stat.drop.minecraft.dirt":1,"stat.pickup.srparasites.weapon_sword_sentient":3,"stat.pickup.srparasites.lurecomponent3":3,"stat.pickup.srparasites.lurecomponent1":14,"stat.killEntity.Creeper":4,"stat.talkedToVillager":1,"stat.pickup.minecraft.string":2,"stat.pickup.minecraft.sponge":1,"stat.pickup.minecraft.log":5,"stat.useItem.srparasites.itemmobspawner_infhorse":1,"stat.pickup.minecraft.beef":8,"stat.craftItem.minecraft.stone_slab2":0,"stat.drop.minecraft.planks":1,"stat.pickup.minecraft.stone":2,"stat.pickup.nocubessrparmory.gorearmorhelmet":1,"stat.sprintOneCm":61777,"stat.pickup.minecraft.skull":3,"stat.pickup.srparasites.bone":3,"stat.useItem.srparasites.itemmobspawner_infsheephead":2,"stat.pickup.toughasnails.wool_boots":5,"stat.craftItem.minecraft.planks":20,"stat.pickup.futuremc.lily_of_the_valley":1,"stat.craftItem.toughasnails.canteen":2,"stat.pickup.minecraft.grass":1,"stat.pickup.nocubessrpnests.organicsample":57,"stat.killEntity.Spider":1,"stat.mobKills":35,"stat.pickup.nocubessrparmory.gorearmorboots":1,"stat.useItem.minecraft.beef":4,"stat.deaths":3,"stat.pickup.toughasnails.wool_leggings":4,"stat.drop":23,"stat.pickup.minecraft.beetroot_seeds":1,"stat.playOneMinute":105040,"stat.drop.minecraft.string":2,"stat.pickup.minecraft.torch":1,"stat.killEntity.Sheep":1,"stat.sneakTime":1342,"stat.drop.minecraft.beef":2,"stat.pickup.minecraft.item_frame":1,"stat.killEntity.Zombie":2,"stat.pickup.toughasnails.canteen":2,"stat.drop.minecraft.grass":2,"stat.mineBlock.minecraft.stone":2,"stat.mineBlock.minecraft.tallgrass":10,"stat.diveOneCm":3356,"stat.pickup.minecraft.wheat":4}