{"stat.useItem.srparasites.weapon_sword_sentient":29,"stat.walkOneCm":75896,"stat.pickup.nocubessrpnests.nestegg":1,"stat.drop.nocubessrpnests.nestegg":2,"stat.drop.srparasites.itemmobspawner_infsheephead":1,"stat.leaveGame":1,"stat.drop.minecraft.rotten_flesh":2,"stat.killEntity.Wolf":1,"stat.pickup.srparasites.weapon_sword_sentient":1,"stat.pickup.srparasites.lurecomponent3":1,"stat.pickup.srparasites.lurecomponent1":7,"stat.killEntity.Creeper":4,"stat.talkedToVillager":1,"stat.pickup.minecraft.string":2,"stat.useItem.srparasites.itemmobspawner_infhorse":1,"stat.useItem.sapturretmod.turret_revolver":15,"stat.jump":270,"stat.swimOneCm":419,"stat.fallOneCm":209,"stat.pickup.minecraft.beef":2,"stat.drop.minecraft.cobblestone":1,"stat.pickup.minecraft.carrot":1,"stat.pickup.minecraft.gunpowder":4,"stat.pickup.minecraft.porkchop":2,"stat.drop.minecraft.planks":1,"stat.crouchOneCm":592,"stat.pickup.minecraft.dirt":1,"stat.sprintOneCm":38150,"stat.useItem.minecraft.stone_slab2":188,"stat.pickup.minecraft.skull":2,"stat.pickup.srparasites.ada_longarms_drop":1,"stat.pickup.minecraft.rotten_flesh":2,"stat.useItem.srparasites.itemmobspawner_infsheephead":2,"stat.pickup.nocubessrpnests.organicsample":19,"stat.damageTaken":150,"stat.pickup.minecraft.leather":8,"stat.killEntity.Spider":1,"stat.drop.srparasites.weapon_sword_sentient":1,"stat.mobKills":22,"stat.pickup.srparasites.assimilated_flesh":2,"stat.pickup.minecraft.leather_boots":1,"stat.useItem.sapturretmod.turret_minigun":16,"stat.pickup.minecraft.reeds":2,"stat.flyOneCm":493451,"stat.drop":14,"stat.pickup.minecraft.wheat_seeds":12,"stat.pickup.minecraft.beetroot_seeds":1,"stat.playOneMinute":80740,"stat.drop.minecraft.string":2,"stat.sneakTime":768,"stat.killEntity.Villager":1,"stat.pickup.quark.tallow":1,"stat.damageDealt":2639,"stat.drop.minecraft.beef":2,"stat.pickup.minecraft.item_frame":1,"stat.sleepInBed":1,"stat.killEntity.Zombie":1,"stat.timeSinceDeath":80740,"stat.killEntity.Cow":1,"stat.mineBlock.minecraft.dirt":1,"stat.useItem.sapturretmod.turret_flamethrower":1,"stat.drop.minecraft.reeds":2,"stat.killEntity.Pig":1,"stat.mineBlock.minecraft.tallgrass":5,"stat.diveOneCm":3356,"stat.pickup.minecraft.wheat":4}