{"stat.walkOneCm":18713,"stat.drop.srparasites.itemmobspawner_infsheephead":1,"stat.leaveGame":1,"stat.talkedToVillager":1,"stat.useItem.srparasites.itemmobspawner_infhorse":1,"stat.useItem.sapturretmod.turret_revolver":15,"stat.jump":92,"stat.swimOneCm":107,"stat.fallOneCm":209,"stat.pickup.minecraft.carrot":1,"stat.crouchOneCm":591,"stat.pickup.minecraft.dirt":1,"stat.sprintOneCm":11340,"stat.useItem.minecraft.stone_slab2":100,"stat.useItem.srparasites.itemmobspawner_infsheephead":2,"stat.damageTaken":150,"stat.mobKills":1,"stat.pickup.minecraft.leather_boots":1,"stat.useItem.sapturretmod.turret_minigun":16,"stat.pickup.minecraft.reeds":2,"stat.flyOneCm":311361,"stat.drop":3,"stat.pickup.minecraft.wheat_seeds":12,"stat.playOneMinute":43840,"stat.sneakTime":695,"stat.damageDealt":48,"stat.pickup.minecraft.item_frame":1,"stat.timeSinceDeath":43840,"stat.mineBlock.minecraft.dirt":1,"stat.useItem.sapturretmod.turret_flamethrower":1,"stat.drop.minecraft.reeds":2,"stat.mineBlock.minecraft.tallgrass":5,"stat.pickup.minecraft.wheat":4}