{"stats":{"minecraft:used":{"minecraft:wheat_seeds":4,"minecraft:armor_stand":1,"minecraft:stone_pickaxe":54,"minecraft:ladder":6,"minecraft:oak_planks":19,"minecraft:wooden_pickaxe":6,"minecraft:cooked_chicken":3,"minecraft:torch":31,"minecraft:dirt":1,"minecraft:crafting_table":5,"minecraft:red_bed":3,"lumberjack:stone_lumberaxe":132,"minecraft:wooden_hoe":2,"minecraft:apple":2,"greekfantasy:white_terracotta_vase":1,"minecraft:bread":1,"alexsmobs:cooked_lobster_tail":4,"minecraft:stone_axe":120,"immersive_armors:wooden_chestplate":1,"minecraft:cobblestone":7,"minecraft:porkchop":1,"minecraft:furnace":4,"minecraft:cooked_porkchop":1,"alexsmobs:animal_dictionary":9,"minecraft:cooked_beef":3,"immersive_armors:wooden_leggings":1,"immersive_armors:wooden_helmet":1},"minecraft:crafted":{"minecraft:cooked_beef":8,"minecraft:oak_planks":192,"minecraft:cooked_porkchop":2,"alexsmobs:cooked_lobster_tail":10,"minecraft:crafting_table":2,"minecraft:wooden_pickaxe":1,"minecraft:cooked_chicken":4,"immersive_armors:wooden_leggings":2,"minecraft:furnace":2,"minecraft:stone_axe":2,"minecraft:bread":1,"minecraft:air":0,"immersive_armors:wooden_chestplate":2,"immersive_armors:wooden_boots":2,"minecraft:white_wool":1,"minecraft:wooden_hoe":1,"minecraft:charcoal":14,"greekfantasy:olive_planks":24,"minecraft:stick":32,"minecraft:stone_pickaxe":1,"immersive_armors:wooden_helmet":2,"lumberjack:stone_lumberaxe":1,"minecraft:torch":56},"minecraft:dropped":{"minecraft:stone_axe":2,"minecraft:birch_planks":12,"immersive_armors:wooden_boots":1,"minecraft:cobblestone":3,"minecraft:oak_planks":32,"minecraft:stick":21,"minecraft:poppy":1,"minecraft:dirt":5,"greekfantasy:olive_planks":16,"immersive_armors:wooden_leggings":1,"minecraft:arrow":1,"minecraft:wooden_pickaxe":1,"immersive_armors:wooden_chestplate":1,"immersive_armors:wooden_helmet":1},"minecraft:picked_up":{"minecraft:birch_log":15,"minecraft:crafting_table":5,"gnumus:gnumus_doubloons":2,"minecraft:wheat":3,"minecraft:feather":2,"minecraft:cooked_beef":1,"minecraft:chicken":2,"minecraft:ladder":24,"minecraft:flower_pot":1,"gnumus:gnumus_claw":1,"minecraft:leather":6,"minecraft:wooden_pickaxe":1,"gnumus:gnumus_pouch":1,"minecraft:birch_planks":24,"greekfantasy:olive_log":4,"minecraft:oak_log":96,"minecraft:dirt":6,"minecraft:string":4,"minecraft:red_bed":3,"born_in_chaos_v1:monster_skin":2,"minecraft:armor_stand":2,"minecraft:bone":3,"minecraft:apple":2,"minecraft:wheat_seeds":20,"minecraft:rabbit_hide":2,"minecraft:beef":14,"minecraft:cooked_chicken":2,"minecraft:poppy":1,"greekfantasy:olive_wood":2,"minecraft:oak_planks":86,"minecraft:furnace":6,"minecraft:stick":15,"minecraft:raw_iron":2,"minecraft:cooked_porkchop":4,"hmag:soul_powder":2,"minecraft:dripstone_block":3,"minecraft:torch":1,"minecraft:porkchop":1,"greekfantasy:white_terracotta_vase":1,"born_in_chaos_v1:nightmare_claw":2,"alexsmobs:animal_dictionary":1,"minecraft:brick_slab":1,"minecraft:arrow":1,"minecraft:stone_axe":1,"gnumus:gnumus_clay":5,"minecraft:oak_sapling":16,"minecraft:mutton":1,"minecraft:bricks":1,"minecraft:coal":72,"alexsmobs:lobster_tail":10,"minecraft:white_wool":1,"minecraft:cobblestone":39},"minecraft:custom":{"minecraft:interact_with_furnace":29,"minecraft:mob_kills":19,"minecraft:interact_with_crafting_table":22,"minecraft:interact_with_campfire":1,"minecraft:leave_game":5,"minecraft:time_since_death":31312,"minecraft:sleep_in_bed":2,"minecraft:climb_one_cm":5212,"minecraft:time_since_rest":5853,"minecraft:sprint_one_cm":178671,"minecraft:damage_taken":994,"minecraft:walk_one_cm":164870,"minecraft:drop":17,"minecraft:damage_dealt":3274,"minecraft:swim_one_cm":12130,"minecraft:fly_one_cm":264125,"minecraft:open_chest":9,"minecraft:crouch_one_cm":996,"minecraft:play_time":62511,"minecraft:deaths":2,"minecraft:sneak_time":502,"minecraft:walk_under_water_one_cm":2430,"minecraft:jump":1120,"minecraft:walk_on_water_one_cm":2939,"minecraft:total_world_time":62511,"minecraft:fall_one_cm":33130},"minecraft:killed":{"gnumus:gnumus":1,"greekfantasy:shade":1,"alexsmobs:lobster":1,"hmag:ghost":1,"minecraft:pig":1,"born_in_chaos_v1:baby_skeleton":2,"minecraft:sheep":1,"minecraft:chicken":2,"dungeons_mod:leniador":1,"born_in_chaos_v1:nightmare_stalker":1,"alexsmobs:fly":1,"minecraft:cow":7},"minecraft:killed_by":{"greekfantasy:drakaina":1,"minecraft:skeleton":1},"minecraft:mined":{"greekfantasy:olive_wood":3,"minecraft:red_bed":3,"greekfantasy:polished_marble_stairs":1,"minecraft:crafting_table":5,"minecraft:ladder":1,"gravestone:gravestone":1,"minecraft:grass_block":4,"minecraft:tall_grass":55,"minecraft:bricks":1,"greekfantasy:white_terracotta_vase":1,"greekfantasy:olive_log":4,"minecraft:brick_slab":1,"greekfantasy:polished_marble":4,"minecraft:furnace":6,"minecraft:iron_ore":2,"minecraft:birch_log":15,"minecraft:wheat":1,"minecraft:birch_leaves":1,"minecraft:potted_poppy":1,"minecraft:grass":57,"minecraft:oak_log":97,"minecraft:dirt":4,"gnumus:fragile_gnumus_jug":3,"minecraft:stone":34,"minecraft:oak_leaves":22}},"DataVersion":3120}