{"stat.cakeSlicesEaten":4,"stat.walkOneCm":96899,"stat.useItem.minecraft.potato":2,"stat.drop.minecraft.wooden_pickaxe":1,"stat.craftItem.minecraft.cooked_porkchop":1,"stat.mineBlock.minecraft.ice":1,"stat.pickup.minecraft.stone_pickaxe":1,"stat.furnaceInteraction":11,"stat.pickup.minecraft.stone_axe":1,"stat.useItem.minecraft.cooked_porkchop":1,"stat.pickup.minecraft.carpet":2,"stat.pickup.minecraft.leather_chestplate":1,"stat.mineBlock.minecraft.coal_ore":1,"stat.mineBlock.srparasites.gore":4,"stat.talkedToVillager":3,"stat.useItem.minecraft.carpet":1,"stat.pickup.minecraft.flower_pot":1,"stat.pickup.minecraft.log":8,"stat.jump":286,"stat.swimOneCm":121,"stat.pickup.minecraft.coal":1,"stat.fallOneCm":5153,"stat.craftItem.minecraft.stone_slab2":0,"stat.useItem.minecraft.stone_axe":30,"stat.pickup.minecraft.porkchop":1,"stat.crouchOneCm":2900,"stat.pickup.minecraft.sapling":1,"stat.pickup.minecraft.dirt":13,"stat.useItem.minecraft.dirt":1,"stat.sprintOneCm":49428,"stat.useItem.minecraft.stone_slab2":5,"stat.craftItem.minecraft.stick":8,"stat.craftingTableInteraction":12,"stat.pickup.minecraft.rotten_flesh":7,"stat.pickup.minecraft.beetroot":10,"stat.craftItem.minecraft.planks":32,"stat.mineBlock.minecraft.glass_pane":2,"stat.damageTaken":1302,"stat.pickup.minecraft.leather":1,"stat.mineBlock.minecraft.torch":2,"stat.craftItem.minecraft.stone_pickaxe":1,"stat.useItem.minecraft.wooden_pickaxe":4,"stat.pickup.minecraft.shears":1,"stat.pickup.minecraft.cobblestone":4,"stat.mobKills":5,"stat.pickup.srparasites.assimilated_flesh":3,"stat.mineBlock.minecraft.log":8,"stat.mineBlock.minecraft.carpet":2,"stat.flyOneCm":59974,"stat.pickup.minecraft.bed":1,"stat.deaths":1,"stat.pickup.minecraft.wheat_seeds":108,"stat.drop":1,"stat.pickup.minecraft.beetroot_seeds":30,"stat.mineBlock.minecraft.leaves":2,"stat.pickup.minecraft.potato":36,"stat.playOneMinute":22278,"stat.pickup.minecraft.torch":2,"stat.useItem.minecraft.stone_pickaxe":1,"stat.sneakTime":1936,"stat.damageDealt":1174,"stat.pickup.minecraft.item_frame":3,"stat.useItem.minecraft.baked_potato":18,"stat.killEntity.Zombie":4,"stat.timeSinceDeath":20077,"stat.craftItem.minecraft.baked_potato":20,"stat.pickup.minecraft.snowball":12,"stat.mineBlock.minecraft.dirt":2,"stat.craftItem.minecraft.wooden_pickaxe":1,"stat.mineBlock.minecraft.stone":4,"stat.mineBlock.minecraft.tallgrass":1,"stat.useItem.minecraft.beetroot":4,"stat.pickup.minecraft.wheat":15}