{"stats":{"minecraft:picked_up":{"minecraft:birch_log":14,"gnumus:gnumus_doubloons":2,"minecraft:crafting_table":5,"minecraft:wheat":3,"minecraft:feather":2,"minecraft:chicken":2,"minecraft:leather":6,"minecraft:wooden_pickaxe":1,"minecraft:oak_log":96,"minecraft:string":4,"minecraft:dirt":6,"born_in_chaos_v1:monster_skin":2,"minecraft:bone":3,"minecraft:apple":2,"minecraft:wheat_seeds":14,"minecraft:rabbit_hide":2,"minecraft:beef":14,"minecraft:oak_planks":78,"minecraft:furnace":2,"minecraft:stick":15,"minecraft:raw_iron":2,"minecraft:torch":1,"minecraft:porkchop":1,"born_in_chaos_v1:nightmare_claw":2,"alexsmobs:animal_dictionary":1,"minecraft:arrow":1,"minecraft:stone_axe":1,"minecraft:oak_sapling":16,"minecraft:mutton":1,"minecraft:coal":38,"alexsmobs:lobster_tail":10,"minecraft:white_wool":1,"minecraft:cobblestone":39},"minecraft:crafted":{"minecraft:cooked_beef":4,"minecraft:oak_planks":120,"alexsmobs:cooked_lobster_tail":10,"minecraft:crafting_table":2,"minecraft:wooden_pickaxe":1,"minecraft:furnace":2,"minecraft:stone_axe":2,"minecraft:bread":1,"minecraft:air":0,"minecraft:white_wool":1,"minecraft:wooden_hoe":1,"minecraft:charcoal":14,"minecraft:stick":16,"minecraft:stone_pickaxe":1,"lumberjack:stone_lumberaxe":1,"minecraft:torch":56},"minecraft:mined":{"greekfantasy:polished_marble_stairs":1,"minecraft:crafting_table":5,"gravestone:gravestone":1,"minecraft:grass_block":4,"minecraft:tall_grass":25,"greekfantasy:polished_marble":4,"minecraft:furnace":2,"minecraft:birch_log":14,"minecraft:iron_ore":2,"minecraft:wheat":1,"minecraft:birch_leaves":1,"minecraft:grass":34,"minecraft:oak_log":97,"minecraft:dirt":4,"gnumus:fragile_gnumus_jug":3,"minecraft:stone":34,"minecraft:oak_leaves":22},"minecraft:killed":{"greekfantasy:shade":1,"alexsmobs:lobster":1,"minecraft:pig":1,"born_in_chaos_v1:baby_skeleton":2,"minecraft:sheep":1,"minecraft:chicken":2,"born_in_chaos_v1:nightmare_stalker":1,"alexsmobs:fly":1,"minecraft:cow":7},"minecraft:custom":{"minecraft:interact_with_furnace":19,"minecraft:mob_kills":17,"minecraft:interact_with_crafting_table":17,"minecraft:leave_game":4,"minecraft:time_since_death":13027,"minecraft:sleep_in_bed":1,"minecraft:climb_one_cm":96,"minecraft:time_since_rest":3774,"minecraft:sprint_one_cm":114699,"minecraft:damage_taken":707,"minecraft:walk_one_cm":124185,"minecraft:drop":7,"minecraft:damage_dealt":2577,"minecraft:swim_one_cm":12130,"minecraft:fly_one_cm":150976,"minecraft:open_chest":3,"minecraft:crouch_one_cm":996,"minecraft:play_time":44226,"minecraft:deaths":2,"minecraft:sneak_time":477,"minecraft:walk_under_water_one_cm":2430,"minecraft:jump":719,"minecraft:walk_on_water_one_cm":2939,"minecraft:total_world_time":44226,"minecraft:fall_one_cm":20065},"minecraft:dropped":{"minecraft:stone_axe":2,"minecraft:cobblestone":3,"minecraft:arrow":1,"minecraft:wooden_pickaxe":1},"minecraft:killed_by":{"greekfantasy:drakaina":1,"minecraft:skeleton":1},"minecraft:used":{"minecraft:wheat_seeds":4,"minecraft:stone_pickaxe":48,"minecraft:oak_planks":3,"minecraft:wooden_pickaxe":6,"minecraft:torch":31,"minecraft:dirt":1,"minecraft:crafting_table":5,"lumberjack:stone_lumberaxe":125,"minecraft:wooden_hoe":2,"minecraft:apple":2,"minecraft:bread":1,"alexsmobs:cooked_lobster_tail":4,"minecraft:stone_axe":99,"minecraft:cobblestone":7,"minecraft:furnace":2,"minecraft:porkchop":1,"alexsmobs:animal_dictionary":9,"minecraft:cooked_beef":1}},"DataVersion":3120}