{"stat.useItem.srparasites.itemmobspawner_infsheephead":2,"stat.walkOneCm":12796,"stat.drop.srparasites.itemmobspawner_infsheephead":1,"stat.damageTaken":150,"stat.pickup.minecraft.leather_boots":1,"stat.talkedToVillager":1,"stat.useItem.sapturretmod.turret_minigun":16,"stat.pickup.minecraft.reeds":2,"stat.flyOneCm":306954,"stat.useItem.srparasites.itemmobspawner_infhorse":1,"stat.useItem.sapturretmod.turret_revolver":15,"stat.drop":3,"stat.pickup.minecraft.wheat_seeds":12,"stat.jump":46,"stat.swimOneCm":107,"stat.playOneMinute":21159,"stat.fallOneCm":209,"stat.sneakTime":299,"stat.pickup.minecraft.carrot":1,"stat.damageDealt":28,"stat.crouchOneCm":195,"stat.pickup.minecraft.item_frame":1,"stat.timeSinceDeath":21159,"stat.pickup.minecraft.dirt":1,"stat.sprintOneCm":9681,"stat.mineBlock.minecraft.dirt":1,"stat.useItem.minecraft.stone_slab2":2,"stat.useItem.sapturretmod.turret_flamethrower":1,"stat.drop.minecraft.reeds":2,"stat.mineBlock.minecraft.tallgrass":5,"stat.pickup.minecraft.wheat":4}