{"stat.pickup.minecraft.bone":2,"stat.leaveGame":1,"stat.pickup.minecraft.arrow":2,"stat.pickup.minecraft.stone_pickaxe":2,"stat.pickup.toughasnails.charcoal_filter":65,"stat.useItem.minecraft.porkchop":2,"stat.useItem.sapturretmod.turret_revolver":15,"stat.useItem.minecraft.mutton":1,"stat.jump":326,"stat.swimOneCm":886,"stat.pickup.minecraft.coal":26,"stat.fallOneCm":693,"stat.useItem.minecraft.planks":1,"stat.drop.minecraft.cobblestone":1,"stat.pickup.minecraft.carrot":1,"stat.pickup.minecraft.porkchop":2,"stat.pickup.minecraft.gunpowder":8,"stat.crouchOneCm":1265,"stat.pickup.toughasnails.rain_collector":1,"stat.pickup.minecraft.dirt":1,"stat.useItem.minecraft.stone_slab2":414,"stat.pickup.nocubessrparmory.gorearmorlegs":1,"stat.pickup.toughasnails.wool_chestplate":2,"stat.drop.minecraft.bed":2,"stat.pickup.srparasites.ada_longarms_drop":1,"stat.pickup.minecraft.iron_ore":6,"stat.pickup.minecraft.rotten_flesh":3,"stat.pickup.nocubessrparmory.gorearmorbody":1,"stat.pickup.minecraft.wooden_pickaxe":2,"stat.pickup.minecraft.leather":16,"stat.damageTaken":439,"stat.useItem.quark.cooked_crab_leg":64,"stat.drop.srparasites.weapon_sword_sentient":1,"stat.pickup.minecraft.cobblestone":16,"stat.pickup.srparasites.assimilated_flesh":10,"stat.pickup.minecraft.leather_boots":1,"stat.useItem.sapturretmod.turret_minigun":16,"stat.pickup.minecraft.planks":17,"stat.pickup.minecraft.reeds":2,"stat.flyOneCm":581681,"stat.pickup.minecraft.bed":3,"stat.pickup.minecraft.wheat_seeds":12,"stat.pickup.toughasnails.wool_helmet":2,"stat.killEntity.Villager":1,"stat.pickup.quark.tallow":1,"stat.damageDealt":3271,"stat.sleepInBed":1,"stat.timeSinceDeath":2230,"stat.killEntity.Cow":1,"stat.mineBlock.minecraft.dirt":1,"stat.useItem.sapturretmod.turret_flamethrower":1,"stat.killEntity.Pig":1,"stat.drop.minecraft.reeds":2,"stat.pickup.minecraft.mutton":1,"stat.useItem.srparasites.weapon_sword_sentient":39,"stat.walkOneCm":111308,"stat.pickup.nocubessrpnests.nestegg":1,"stat.drop.nocubessrpnests.nestegg":2,"stat.drop.srparasites.itemmobspawner_infsheephead":1,"stat.pickup.minecraft.stick":4,"stat.pickup.minecraft.wooden_axe":2,"stat.drop.minecraft.rotten_flesh":2,"stat.drop.toughasnails.wool_helmet":1,"stat.furnaceInteraction":4,"stat.killEntity.Wolf":1,"stat.drop.minecraft.dirt":1,"stat.pickup.srparasites.weapon_sword_sentient":2,"stat.pickup.srparasites.lurecomponent3":2,"stat.pickup.srparasites.lurecomponent1":14,"stat.killEntity.Creeper":4,"stat.talkedToVillager":1,"stat.pickup.minecraft.string":2,"stat.pickup.minecraft.sponge":1,"stat.useItem.srparasites.itemmobspawner_infhorse":1,"stat.pickup.minecraft.beef":2,"stat.drop.minecraft.planks":1,"stat.pickup.minecraft.stone":1,"stat.pickup.nocubessrparmory.gorearmorhelmet":1,"stat.sprintOneCm":44847,"stat.pickup.minecraft.skull":3,"stat.pickup.srparasites.bone":2,"stat.useItem.srparasites.itemmobspawner_infsheephead":2,"stat.pickup.toughasnails.wool_boots":3,"stat.pickup.minecraft.grass":1,"stat.pickup.nocubessrpnests.organicsample":38,"stat.killEntity.Spider":1,"stat.mobKills":27,"stat.pickup.nocubessrparmory.gorearmorboots":1,"stat.deaths":1,"stat.pickup.toughasnails.wool_leggings":2,"stat.drop":20,"stat.pickup.minecraft.beetroot_seeds":1,"stat.playOneMinute":92440,"stat.drop.minecraft.string":2,"stat.pickup.minecraft.torch":1,"stat.sneakTime":1135,"stat.drop.minecraft.beef":2,"stat.pickup.minecraft.item_frame":1,"stat.killEntity.Zombie":1,"stat.pickup.toughasnails.canteen":2,"stat.drop.minecraft.grass":2,"stat.mineBlock.minecraft.tallgrass":7,"stat.diveOneCm":3356,"stat.pickup.minecraft.wheat":4}