{"stat.pickup.minecraft.reeds":2,"stat.flyOneCm":275489,"stat.walkOneCm":5987,"stat.drop":2,"stat.pickup.minecraft.wheat_seeds":5,"stat.jump":33,"stat.swimOneCm":107,"stat.playOneMinute":9459,"stat.fallOneCm":209,"stat.sneakTime":247,"stat.damageTaken":150,"stat.crouchOneCm":195,"stat.timeSinceDeath":9459,"stat.pickup.minecraft.dirt":1,"stat.sprintOneCm":5884,"stat.mineBlock.minecraft.dirt":1,"stat.useItem.minecraft.stone_slab2":1,"stat.drop.minecraft.reeds":2,"stat.mineBlock.minecraft.tallgrass":5,"stat.talkedToVillager":1,"stat.pickup.minecraft.wheat":1}